algorithm,comparison,before_bundle,after_bundle,n_paired_rows,n_models,row_weighted_delta_mae,equal_model_delta_mae,row_weighted_ci_low,row_weighted_ci_high,equal_model_ci_low,equal_model_ci_high
CatBoost,P0_to_P1,P0-Core,P1-AggregatePower,449,21,-26.01714658922856,-32.493467817225934,-51.493424655301894,-4.823497860325981,-62.531096527966056,-6.2792359089459655
CatBoost,P1_to_P2,P1-AggregatePower,P2-HardwareStatic,449,21,-15.265722808371777,-22.065458402454777,-62.98606238039068,20.79792101317232,-78.07893625231512,19.41092129904671
CatBoost,P2_to_P2_NoLabel,P2-HardwareStatic,P2-HardwareStatic-NoLabel,449,21,18.94825970400268,17.128068789916494,-16.43173466891104,63.74335430357751,-22.66698316742216,63.42936255511911
DummyMean,P0_to_P1,P0-Core,P1-AggregatePower,449,21,0.0,0.0,0.0,0.0,0.0,0.0
DummyMean,P1_to_P2,P1-AggregatePower,P2-HardwareStatic,449,21,0.0,0.0,0.0,0.0,0.0,0.0
DummyMean,P2_to_P2_NoLabel,P2-HardwareStatic,P2-HardwareStatic-NoLabel,449,21,0.0,0.0,0.0,0.0,0.0,0.0
HistGradientBoosting,P0_to_P1,P0-Core,P1-AggregatePower,449,21,-4.305203886779907,-36.11865221914444,-106.81477246976084,97.1660743594715,-171.44415873098092,65.2671095175765
HistGradientBoosting,P1_to_P2,P1-AggregatePower,P2-HardwareStatic,449,21,10.798042104236913,18.227938373345903,-1.8340547288078688,28.478111195267985,-1.030220046338599,44.81202908092587
HistGradientBoosting,P2_to_P2_NoLabel,P2-HardwareStatic,P2-HardwareStatic-NoLabel,449,21,0.16076645241940923,0.2084560624137669,-0.48876265014696757,0.8798577260713442,-0.5165143552787992,1.0232739744959387
RandomForest,P0_to_P1,P0-Core,P1-AggregatePower,449,21,11.650684321310735,-30.77593417376488,-133.85331987636118,161.01187275264374,-201.0536463814123,126.02795221812902
RandomForest,P1_to_P2,P1-AggregatePower,P2-HardwareStatic,449,21,-37.208515543373835,-35.06830063612453,-94.77373443102955,-1.5509215332865003,-79.91925643851312,-1.4285065806457227
RandomForest,P2_to_P2_NoLabel,P2-HardwareStatic,P2-HardwareStatic-NoLabel,449,21,11.51072922370264,15.386365860459767,1.5880755140030958,26.82051011671406,1.661525005232654,34.156583792379585
Ridge,P0_to_P1,P0-Core,P1-AggregatePower,449,21,-44.06633773948715,-62.480144835216706,-89.73810832098458,-7.564476272006533,-119.31175010313568,-11.006072879299689
Ridge,P1_to_P2,P1-AggregatePower,P2-HardwareStatic,449,21,-13.852067174294291,-15.590493651941383,-34.53379010601192,4.693933555802053,-34.135158860808296,2.2112791996576924
Ridge,P2_to_P2_NoLabel,P2-HardwareStatic,P2-HardwareStatic-NoLabel,449,21,0.005570223895233539,0.02584189797485083,-0.2686747083706237,0.36773030341517193,-0.24722039703650248,0.34753117939232275
XGBoost,P0_to_P1,P0-Core,P1-AggregatePower,449,21,34.28740376319797,31.829742876816027,-27.357458389536724,114.5771835604903,-29.338250176533865,101.42308593513292
XGBoost,P1_to_P2,P1-AggregatePower,P2-HardwareStatic,449,21,0.2661874886789519,-1.310384171290401,-10.892014493988384,8.521102967324445,-12.496371899671589,7.480431379782192
XGBoost,P2_to_P2_NoLabel,P2-HardwareStatic,P2-HardwareStatic-NoLabel,449,21,-3.7601076985770874,-3.640469105069797,-19.08487722362954,11.448698096394681,-23.102750504166657,17.254514427556398
