algorithm,feature_bundle,n_rows,n_models,mae,rmse,r2,mdape,smape,signed_bias,backend_modules
RandomForest,P2-HardwareStatic,449,21,272.40183938292745,474.32516356499696,0.9408874332161978,10.054891266244406,13.614261196384248,37.58244585254652,sklearn.ensemble._forest
XGBoost,P0-Core,449,21,277.294050242652,508.08558995280595,0.9321732132546714,11.249503324739205,15.117857912089047,-31.762258003082458,xgboost.sklearn
CatBoost,P2-HardwareStatic,449,21,280.97198855879816,572.6004846701678,0.9138548344474957,9.131641512269738,14.277005660641716,-66.84633883383594,catboost.core
RandomForest,P2-HardwareStatic-NoLabel,449,21,283.9125686066301,490.1547523329477,0.93687608551114,10.481839170774403,13.922370327529315,50.58765904527495,sklearn.ensemble._forest
HistGradientBoosting,P1-AggregatePower,449,21,284.1322954045536,513.0457977528052,0.9308424249235716,10.163698046703972,13.859748147807021,93.37470632436796,sklearn.ensemble._hist_gradient_boosting.gradient_boosting
HistGradientBoosting,P0-Core,449,21,288.4374992913335,557.0526268860831,0.9184695310134784,10.032658824330454,14.684511670103293,0.9194917860774485,sklearn.ensemble._hist_gradient_boosting.gradient_boosting
HistGradientBoosting,P2-HardwareStatic,449,21,294.9303375087905,540.0610380067766,0.9233674669826495,10.162253763552602,13.937425817451594,93.41758612983888,sklearn.ensemble._hist_gradient_boosting.gradient_boosting
HistGradientBoosting,P2-HardwareStatic-NoLabel,449,21,295.0911039612099,540.5737083515572,0.9232219061230781,10.167907229212847,13.93290322568983,92.0777580713148,sklearn.ensemble._hist_gradient_boosting.gradient_boosting
CatBoost,P1-AggregatePower,449,21,296.23771136716994,588.2467009290261,0.9090827088112917,10.043471104157861,14.705441857224974,-26.904358764005263,catboost.core
RandomForest,P0-Core,449,21,297.95967060499055,628.2398864365683,0.89630006139683,9.177441386465752,14.701385469948846,-3.282633757025047,sklearn.ensemble._forest
CatBoost,P2-HardwareStatic-NoLabel,449,21,299.92024826280084,559.8865131622108,0.9176378832665962,11.732253396761614,15.766267647601348,-38.11001921389394,catboost.core
XGBoost,P2-HardwareStatic-NoLabel,449,21,308.08753379595186,543.3769872958525,0.9224235377379999,12.333834693734822,15.324014818861956,46.123762173046785,xgboost.sklearn
RandomForest,P1-AggregatePower,449,21,309.6103549263013,571.1007089962638,0.9143055124563615,11.12365002377374,14.436210589098536,61.04080894245524,sklearn.ensemble._forest
XGBoost,P1-AggregatePower,449,21,311.58145400585,553.1855080821106,0.9195975882670985,11.971312965536738,15.2543966525626,46.85649737997364,xgboost.sklearn
XGBoost,P2-HardwareStatic,449,21,311.84764149452894,553.3333249602836,0.9195546138174739,12.399734515196657,15.557825110783494,51.74329789533329,xgboost.sklearn
CatBoost,P0-Core,449,21,322.2548579563985,617.3240449891151,0.8998723844803519,12.425312001246127,16.60037106975601,-68.97566852234836,catboost.core
Ridge,P2-HardwareStatic,449,21,396.83345729288715,628.9862916899195,0.8960535053885974,15.703317240508452,21.218947288350513,-20.73293963142233,sklearn.linear_model._ridge
Ridge,P2-HardwareStatic-NoLabel,449,21,396.8390275167824,629.0650140744806,0.8960274843827105,15.638397790729044,21.21202395972331,-20.576711132635477,sklearn.linear_model._ridge
Ridge,P1-AggregatePower,449,21,410.68552446718144,642.7876461880309,0.8914418258660003,16.415783727186735,21.910887750272774,1.8275513731692963,sklearn.linear_model._ridge
Ridge,P0-Core,449,21,454.7518622066686,738.343164367214,0.8567666978569943,17.53572789656279,22.576401846888576,-33.05981422474931,sklearn.linear_model._ridge
DummyMean,P0-Core,449,21,1625.8607773045555,2013.5079398696014,-0.0652074136382248,103.45905393875631,80.69470758708664,-3.5707241883533496,sklearn.dummy
DummyMean,P1-AggregatePower,449,21,1625.8607773045555,2013.5079398696014,-0.0652074136382248,103.45905393875631,80.69470758708664,-3.5707241883533496,sklearn.dummy
DummyMean,P2-HardwareStatic,449,21,1625.8607773045555,2013.5079398696014,-0.0652074136382248,103.45905393875631,80.69470758708664,-3.5707241883533496,sklearn.dummy
DummyMean,P2-HardwareStatic-NoLabel,449,21,1625.8607773045555,2013.5079398696014,-0.0652074136382248,103.45905393875631,80.69470758708664,-3.5707241883533496,sklearn.dummy
