target,model_name,reference_bundle,candidate_bundle,n_rows,n_model_clusters,mae_reference,mae_candidate,mae_delta_candidate_minus_reference,equal_model_mae_delta,equal_model_mae_delta_ci_low,equal_model_mae_delta_ci_high,rmse_reference,rmse_candidate,r2_reference,r2_candidate,bootstrap_replicates
y_gpu_avg_power_watts,CatBoost,B0-Core,B1-Static,305,14,247.4406116010698,237.97652999871525,-9.464081602354554,-22.313602387189697,-69.38002559430626,20.425524015645014,409.3210429597047,358.13769782448276,0.9516751461708064,0.9630050469849502,1000
y_gpu_avg_power_watts,CatBoost,B1-Static,B2b-Effective,305,14,237.97652999871525,243.84263628141557,5.866106282700315,6.990564182249861,-41.37687997546923,56.10685057103231,358.13769782448276,372.64850793157444,0.9630050469849502,0.9599464348667632,1000
y_gpu_avg_power_watts,CatBoost,B2b-Effective,B3-Physics,305,14,243.84263628141557,298.5273554628897,54.68471918147415,59.60539529730959,2.611175708692256,131.29151819659566,372.64850793157444,431.5763433649301,0.9599464348667632,0.9462773203257991,1000
y_gpu_avg_power_watts,CatBoost,B3-Physics,B4-Hardware,305,14,298.5273554628897,316.92497090202806,18.39761543913835,-2.6429205721639306,-86.66317228330773,64.24928464345159,431.5763433649301,489.0557457850629,0.9462773203257991,0.9310142903290602,1000
y_gpu_avg_power_watts,CatBoost,B4-Hardware,B5-HardwarePhysics,305,14,316.92497090202806,382.15575193638415,65.23078103435608,86.56587107197188,14.065023374014404,171.4116872527412,489.0557457850629,629.4101293349077,0.9310142903290602,0.8857358848711485,1000
y_gpu_avg_power_watts,DummyMean,B0-Core,B1-Static,305,14,1657.1633505180814,1657.1633505180814,0.0,0.0,0.0,0.0,1966.7917005674344,1966.7917005674344,-0.11573007274173985,-0.11573007274173985,1000
y_gpu_avg_power_watts,DummyMean,B1-Static,B2b-Effective,305,14,1657.1633505180814,1657.1633505180814,0.0,0.0,0.0,0.0,1966.7917005674344,1966.7917005674344,-0.11573007274173985,-0.11573007274173985,1000
y_gpu_avg_power_watts,DummyMean,B2b-Effective,B3-Physics,305,14,1657.1633505180814,1657.1633505180814,0.0,0.0,0.0,0.0,1966.7917005674344,1966.7917005674344,-0.11573007274173985,-0.11573007274173985,1000
y_gpu_avg_power_watts,DummyMean,B3-Physics,B4-Hardware,305,14,1657.1633505180814,1657.1633505180814,0.0,0.0,0.0,0.0,1966.7917005674344,1966.7917005674344,-0.11573007274173985,-0.11573007274173985,1000
y_gpu_avg_power_watts,DummyMean,B4-Hardware,B5-HardwarePhysics,305,14,1657.1633505180814,1657.1633505180814,0.0,0.0,0.0,0.0,1966.7917005674344,1966.7917005674344,-0.11573007274173985,-0.11573007274173985,1000
y_gpu_avg_power_watts,ElasticNet,B0-Core,B1-Static,305,14,325.1377255138993,334.28061550947785,9.142889995578571,34.28579244188201,-33.590718738283094,115.65539007832761,525.1025859333266,487.0753119088771,0.9204700482391733,0.9315718750729426,1000
y_gpu_avg_power_watts,ElasticNet,B1-Static,B2b-Effective,305,14,334.28061550947785,398.0521859270634,63.771570417585565,61.510739184434776,5.96272628854359,152.3561023075024,487.0753119088771,552.7948702518448,0.9315718750729426,0.9118605342930092,1000
y_gpu_avg_power_watts,ElasticNet,B2b-Effective,B3-Physics,305,14,398.0521859270634,483.6076431366472,85.55545720958378,74.85898896751061,-19.017067618378054,189.30304470044535,552.7948702518448,695.595797771695,0.9118605342930092,0.860441496333862,1000
y_gpu_avg_power_watts,ElasticNet,B3-Physics,B4-Hardware,305,14,483.6076431366472,348.39647125142625,-135.21117188522095,-140.8122197250874,-251.02328634320517,-57.15861575491276,695.595797771695,486.765399809829,0.860441496333862,0.9316589250904737,1000
y_gpu_avg_power_watts,ElasticNet,B4-Hardware,B5-HardwarePhysics,305,14,348.39647125142625,369.88116981019533,21.484698558769082,18.664703525944493,-24.94545319380001,77.90707849524595,486.765399809829,550.7240257574356,0.9316589250904737,0.9125196621500821,1000
y_gpu_avg_power_watts,ExtraTrees,B0-Core,B1-Static,305,14,323.4943935901907,316.98495221311384,-6.509441377076882,-16.427079480370544,-59.94939737451366,20.160563234146093,555.1933671670574,535.6231835989191,0.9110940262450586,0.9172513079421115,1000
y_gpu_avg_power_watts,ExtraTrees,B1-Static,B2b-Effective,305,14,316.98495221311384,311.70487687679594,-5.280075336317907,-2.678390706145847,-29.981002072627163,24.55571255193781,535.6231835989191,544.0556967733615,0.9172513079421115,0.9146253120670703,1000
y_gpu_avg_power_watts,ExtraTrees,B2b-Effective,B3-Physics,305,14,311.70487687679594,342.7015317145262,30.99665483773026,30.82324177170681,-8.309694634284671,80.33466198503902,544.0556967733615,536.4740369413842,0.9146253120670703,0.9169882016196579,1000
y_gpu_avg_power_watts,ExtraTrees,B3-Physics,B4-Hardware,305,14,342.7015317145262,278.8984979552065,-63.8030337593197,-59.750953529054655,-101.9035749222768,-15.083754921739816,536.4740369413842,472.91092455423353,0.9169882016196579,0.9354938535534795,1000
y_gpu_avg_power_watts,ExtraTrees,B4-Hardware,B5-HardwarePhysics,305,14,278.8984979552065,287.27458841372976,8.376090458523265,9.300236320754648,-1.9376440189398385,26.2179603350504,472.91092455423353,488.3876244400019,0.9354938535534795,0.9312026506219053,1000
y_gpu_avg_power_watts,HistGradientBoosting,B0-Core,B1-Static,305,14,253.28681292563533,274.95403906073017,21.667226135094836,18.454236021251493,-9.394165092040367,56.02792441026669,423.1162959789683,449.2157279856427,0.94836289221451,0.9417960697220251,1000
y_gpu_avg_power_watts,HistGradientBoosting,B1-Static,B2b-Effective,305,14,274.95403906073017,281.89670970287676,6.942670642146595,2.2734154705732683,-18.00484844100076,27.865674083195767,449.2157279856427,452.91551800427715,0.9417960697220251,0.9408333736350258,1000
y_gpu_avg_power_watts,HistGradientBoosting,B2b-Effective,B3-Physics,305,14,281.89670970287676,296.3748122924934,14.47810258961664,17.637827480809015,-8.40453253088378,44.858053653041246,452.91551800427715,494.4858675601319,0.9408333736350258,0.9294738505903003,1000
y_gpu_avg_power_watts,HistGradientBoosting,B3-Physics,B4-Hardware,305,14,296.3748122924934,276.9573054219451,-19.417506870548323,-26.561212904880982,-87.60193052345149,25.170472714178004,494.4858675601319,502.4384020608669,0.9294738505903003,0.9271871456202975,1000
y_gpu_avg_power_watts,HistGradientBoosting,B4-Hardware,B5-HardwarePhysics,305,14,276.9573054219451,308.33633029998964,31.37902487804456,43.78136625400803,1.6213902120625916,105.22760246727891,502.4384020608669,527.5411763877877,0.9271871456202975,0.9197296545714702,1000
y_gpu_avg_power_watts,RandomForest,B0-Core,B1-Static,305,14,283.75745684568807,301.1792964874047,17.421839641716645,17.163358832896208,2.144224468682769,35.422526744060214,452.79761160271516,468.2221293130921,0.9408641750348067,0.936766637530156,1000
y_gpu_avg_power_watts,RandomForest,B1-Static,B2b-Effective,305,14,301.1792964874047,311.7438741647942,10.56457767738948,3.8719125319980443,-22.10991410602207,35.63537428789868,468.2221293130921,479.42331662338796,0.936766637530156,0.933705010069389,1000
y_gpu_avg_power_watts,RandomForest,B2b-Effective,B3-Physics,305,14,311.7438741647942,349.5548983906913,37.811024225897086,36.31399518663074,-3.5131184366555073,88.26728590415406,479.42331662338796,508.15526392565846,0.933705010069389,0.9255207555254235,1000
y_gpu_avg_power_watts,RandomForest,B3-Physics,B4-Hardware,305,14,349.5548983906913,345.01606093636565,-4.5388374543256305,-43.33296785928774,-197.36249790266427,63.08404222118928,508.15526392565846,537.5977646257279,0.9255207555254235,0.9166400753470021,1000
y_gpu_avg_power_watts,RandomForest,B4-Hardware,B5-HardwarePhysics,305,14,345.01606093636565,392.35349969494075,47.337438758575104,57.616142975180246,-7.096218072828551,121.41281301934305,537.5977646257279,593.4427835792409,0.9166400753470021,0.8984218939306632,1000
y_gpu_avg_power_watts,Ridge,B0-Core,B1-Static,305,14,321.7070349863833,342.2665650075903,20.559530021207024,52.484916049189174,-25.221509455993488,147.01362946038512,521.3094846816829,512.9585613820983,0.921614874495803,0.924106082594583,1000
y_gpu_avg_power_watts,Ridge,B1-Static,B2b-Effective,305,14,342.2665650075903,397.79938562364333,55.532820616053016,48.78109654602388,-3.337288260812619,136.3537672016033,512.9585613820983,556.4495847542332,0.924106082594583,0.91069124189028,1000
y_gpu_avg_power_watts,Ridge,B2b-Effective,B3-Physics,305,14,397.79938562364333,520.3351589656362,122.53577334199286,103.92027822507956,-10.976975338471965,272.94215965281404,556.4495847542332,723.7596297872097,0.91069124189028,0.8489116023749316,1000
y_gpu_avg_power_watts,Ridge,B3-Physics,B4-Hardware,305,14,520.3351589656362,340.2275707759778,-180.10758818965837,-170.15935519713352,-320.4239838639603,-60.03495837209691,723.7596297872097,492.0769046372753,0.8489116023749316,0.930159334466784,1000
y_gpu_avg_power_watts,Ridge,B4-Hardware,B5-HardwarePhysics,305,14,340.2275707759778,483.7339662298578,143.50639545387997,136.84726629156495,-6.577730452901069,345.8996208386975,492.0769046372753,759.4884641446748,0.930159334466784,0.8336262641989177,1000
y_gpu_avg_power_watts,SmallMLP,B0-Core,B1-Static,305,14,744.4120677109104,363.2951642034963,-381.11690350741407,-364.0502722380279,-757.9715703440481,-62.841337719871376,1824.3832746273704,553.1565491153082,0.039992625463389886,0.9117451619839698,1000
y_gpu_avg_power_watts,SmallMLP,B1-Static,B2b-Effective,305,14,363.2951642034963,747.6976994415588,384.4025352380625,499.6242828117712,113.38228272358276,947.0507175238004,553.1565491153082,1164.0312279794314,0.9117451619839698,0.6091846006641133,1000
y_gpu_avg_power_watts,SmallMLP,B2b-Effective,B3-Physics,305,14,747.6976994415588,1534.499880434485,786.8021809929262,898.7562581873968,-165.71066629584345,2489.308439297582,1164.0312279794314,3124.5150359472846,0.6091846006641133,-1.8158378532978903,1000
y_gpu_avg_power_watts,SmallMLP,B3-Physics,B4-Hardware,305,14,1534.499880434485,1314.3352764751794,-220.16460395930562,-60.77056705623881,-1994.9594324142888,2115.752893883623,3124.5150359472846,2735.6155798380846,-1.8158378532978903,-1.1585024298453441,1000
y_gpu_avg_power_watts,SmallMLP,B4-Hardware,B5-HardwarePhysics,305,14,1314.3352764751794,1567.9096683508305,253.57439187565114,314.0072544760675,-110.31289888979792,791.256731689768,2735.6155798380846,2966.319108608979,-1.1585024298453441,-1.5379212601636896,1000
y_gpu_avg_power_watts,SplineGAM,B0-Core,B1-Static,305,14,399.1961915622674,361.67287974664396,-37.52331181562346,-52.426359917480475,-109.32443476992003,-10.198526891350083,558.6155167867026,492.89099126250676,0.9099946355017824,0.9299280560530505,1000
y_gpu_avg_power_watts,SplineGAM,B1-Static,B2b-Effective,305,14,361.67287974664396,439.1928909017636,77.52001115511962,68.98946500908532,-9.161107402697546,214.7310283887387,492.89099126250676,597.3824449322525,0.9299280560530505,0.8970687333925972,1000
y_gpu_avg_power_watts,SplineGAM,B2b-Effective,B3-Physics,305,14,439.1928909017636,539.277848938255,100.08495803649146,107.0700692550553,-37.495373194634254,304.6404785582784,597.3824449322525,739.6079788956393,0.8970687333925972,0.8422223147194313,1000
y_gpu_avg_power_watts,SplineGAM,B3-Physics,B4-Hardware,305,14,539.277848938255,420.4734749132526,-118.80437402500246,-116.44261219103193,-190.47115591643973,-46.92926643359835,739.6079788956393,574.7419945698106,0.8422223147194313,0.9047229577489501,1000
y_gpu_avg_power_watts,SplineGAM,B4-Hardware,B5-HardwarePhysics,305,14,420.4734749132526,528.4633140177041,107.9898391044515,113.18916697406405,40.34698026582276,196.75284887255393,574.7419945698106,748.0224979777374,0.9047229577489501,0.8386118195214112,1000
y_gpu_avg_power_watts,XGBoost,B0-Core,B1-Static,305,14,255.33722940138207,237.85209639735885,-17.485133004023226,-9.900114655237896,-52.59406680346426,30.000825426368696,402.8665886348857,391.14671245541865,0.9531871688606691,0.9558712349551313,1000
y_gpu_avg_power_watts,XGBoost,B1-Static,B2b-Effective,305,14,237.85209639735885,254.6236553213945,16.771558924035645,20.449523234974894,-18.832757858784415,63.8930257373282,391.14671245541865,434.8601342127687,0.9558712349551313,0.9454566766609847,1000
y_gpu_avg_power_watts,XGBoost,B2b-Effective,B3-Physics,305,14,254.6236553213945,237.86616554371875,-16.757489777675744,-37.944796687240576,-112.02405490810355,11.121713813796546,434.8601342127687,379.5917545512382,0.9454566766609847,0.9584399611083645,1000
y_gpu_avg_power_watts,XGBoost,B3-Physics,B4-Hardware,305,14,237.86616554371875,204.36577476881106,-33.500390774907686,-24.808660855791313,-55.804661429039825,9.158441481564605,379.5917545512382,370.64900365559834,0.9584399611083645,0.960375109140816,1000
y_gpu_avg_power_watts,XGBoost,B4-Hardware,B5-HardwarePhysics,305,14,204.36577476881106,241.7462193537365,37.38044458492544,49.941034291882126,8.797967284304837,107.33297977683549,370.64900365559834,443.5477616343715,0.960375109140816,0.9432555764098876,1000
y_gpu_energy_per_token_joules,CatBoost,B0-Core,B1-Static,305,14,0.6699063880031335,0.8493589983002371,0.17945261029710358,0.31805379811601436,-0.11443102105676423,0.9746561686053119,2.1301448788631334,2.24849937535699,0.6717449035008558,0.6342547155930651,1000
y_gpu_energy_per_token_joules,CatBoost,B1-Static,B2b-Effective,305,14,0.8493589983002371,0.9067466569300325,0.057387658629795446,0.12470182861334848,-0.09494079974582485,0.37696149419563313,2.24849937535699,2.5261181475626793,0.6342547155930651,0.5383631057534732,1000
y_gpu_energy_per_token_joules,CatBoost,B2b-Effective,B3-Physics,305,14,0.9067466569300325,0.950340326398764,0.043593669468731444,-0.07244397968291638,-0.5822951280507651,0.3809423717489039,2.5261181475626793,2.3804664100508846,0.5383631057534732,0.590062820915162,1000
y_gpu_energy_per_token_joules,CatBoost,B3-Physics,B4-Hardware,305,14,0.950340326398764,1.0954159393882077,0.14507561298944371,0.27875073960833835,-0.015618943753128717,0.8214052900485723,2.3804664100508846,2.6760516548957485,0.590062820915162,0.48193747571005763,1000
y_gpu_energy_per_token_joules,CatBoost,B4-Hardware,B5-HardwarePhysics,305,14,1.0954159393882077,0.9870498111822423,-0.10836612820596536,-0.19185290031180818,-0.5548383245815861,0.05425358271858544,2.6760516548957485,2.4747422677386264,0.48193747571005763,0.5569495878582464,1000
y_gpu_energy_per_token_joules,DummyMean,B0-Core,B1-Static,305,14,2.2933420999356824,2.2933420999356824,0.0,0.0,0.0,0.0,3.805024743748272,3.805024743748272,-0.047389373845585725,-0.047389373845585725,1000
y_gpu_energy_per_token_joules,DummyMean,B1-Static,B2b-Effective,305,14,2.2933420999356824,2.2933420999356824,0.0,0.0,0.0,0.0,3.805024743748272,3.805024743748272,-0.047389373845585725,-0.047389373845585725,1000
y_gpu_energy_per_token_joules,DummyMean,B2b-Effective,B3-Physics,305,14,2.2933420999356824,2.2933420999356824,0.0,0.0,0.0,0.0,3.805024743748272,3.805024743748272,-0.047389373845585725,-0.047389373845585725,1000
y_gpu_energy_per_token_joules,DummyMean,B3-Physics,B4-Hardware,305,14,2.2933420999356824,2.2933420999356824,0.0,0.0,0.0,0.0,3.805024743748272,3.805024743748272,-0.047389373845585725,-0.047389373845585725,1000
y_gpu_energy_per_token_joules,DummyMean,B4-Hardware,B5-HardwarePhysics,305,14,2.2933420999356824,2.2933420999356824,0.0,0.0,0.0,0.0,3.805024743748272,3.805024743748272,-0.047389373845585725,-0.047389373845585725,1000
y_gpu_energy_per_token_joules,ElasticNet,B0-Core,B1-Static,305,14,1.4455659136489207,1.4401695065687554,-0.005396407080165311,-0.010561449190957336,-0.051194316260558544,0.02144755825928415,2.9774204747297013,2.9561335415663326,0.35868184570953765,0.36781921526009353,1000
y_gpu_energy_per_token_joules,ElasticNet,B1-Static,B2b-Effective,305,14,1.4401695065687554,1.4757638314594372,0.03559432489068182,0.026499799724282704,-0.07937996421430595,0.1658368450300324,2.9561335415663326,2.94418977357295,0.36781921526009353,0.3729173388737864,1000
y_gpu_energy_per_token_joules,ElasticNet,B2b-Effective,B3-Physics,305,14,1.4757638314594372,1.5157049550555826,0.03994112359614532,0.11123958986767958,-0.1888396425676503,0.5140657366872872,2.94418977357295,2.967157221498227,0.3729173388737864,0.3630955094739249,1000
y_gpu_energy_per_token_joules,ElasticNet,B3-Physics,B4-Hardware,305,14,1.5157049550555826,1.4299170975142517,-0.08578785754133089,-0.1530620353377938,-0.4848001941918103,0.057631174029415755,2.967157221498227,2.8309995331768154,0.3630955094739249,0.4202072393341427,1000
y_gpu_energy_per_token_joules,ElasticNet,B4-Hardware,B5-HardwarePhysics,305,14,1.4299170975142517,1.4822837607155754,0.05236666320132377,0.0442382397573133,-0.020270645284211238,0.12830323531710217,2.8309995331768154,2.9118132203658966,0.4202072393341427,0.386633263665603,1000
y_gpu_energy_per_token_joules,ExtraTrees,B0-Core,B1-Static,305,14,0.758632145886217,0.895336120306831,0.136703974420614,0.11192421673812723,-0.04705778708924505,0.3551891579967038,2.0782990352687687,2.199913019686799,0.6875293254514363,0.649890243900231,1000
y_gpu_energy_per_token_joules,ExtraTrees,B1-Static,B2b-Effective,305,14,0.895336120306831,0.8501500543108363,-0.04518606599599462,-0.01748183475707301,-0.13356749943111274,0.11060609587737048,2.199913019686799,2.1590386966272734,0.649890243900231,0.6627794398001224,1000
y_gpu_energy_per_token_joules,ExtraTrees,B2b-Effective,B3-Physics,305,14,0.8501500543108363,1.068582769212272,0.21843271490143568,0.24490336889606576,0.01416828641151885,0.49656683931156154,2.1590386966272734,2.440216606874958,0.6627794398001224,0.5692255370263904,1000
y_gpu_energy_per_token_joules,ExtraTrees,B3-Physics,B4-Hardware,305,14,1.068582769212272,1.0271277507532708,-0.041455018459001236,-0.03140081071098663,-0.07478808828009925,0.009719923070274866,2.440216606874958,2.4147030449303557,0.5692255370263904,0.5781863277440094,1000
y_gpu_energy_per_token_joules,ExtraTrees,B4-Hardware,B5-HardwarePhysics,305,14,1.0271277507532708,0.9393603328527428,-0.087767417900528,-0.13107160795796813,-0.35642445134573264,0.0003860984628980183,2.4147030449303557,2.3069076003567264,0.5781863277440094,0.6150063267311043,1000
y_gpu_energy_per_token_joules,HistGradientBoosting,B0-Core,B1-Static,305,14,0.6908860586121283,0.7037549217922806,0.012868863180152346,0.02569522869365019,-0.04085520177623715,0.11520094846337514,2.2588705189833234,2.2392373862436257,0.6308729535816475,0.6372616560861957,1000
y_gpu_energy_per_token_joules,HistGradientBoosting,B1-Static,B2b-Effective,305,14,0.7037549217922806,0.7427183612922277,0.03896343949994707,0.039454817989157884,0.013851643302282834,0.0661750006336636,2.2392373862436257,2.2321404645375416,0.6372616560861957,0.6395573002871433,1000
y_gpu_energy_per_token_joules,HistGradientBoosting,B2b-Effective,B3-Physics,305,14,0.7427183612922277,0.7216538032326443,-0.021064558059583405,-0.03892575934204833,-0.12754766154959854,0.011716530009207537,2.2321404645375416,2.2202353072514605,0.6395573002871433,0.643391900934335,1000
y_gpu_energy_per_token_joules,HistGradientBoosting,B3-Physics,B4-Hardware,305,14,0.7216538032326443,0.7517385516756413,0.030084748442997022,0.03145449894590858,0.0022868557672913216,0.07128496681950747,2.2202353072514605,2.226337714848102,0.643391900934335,0.6414289030403666,1000
y_gpu_energy_per_token_joules,HistGradientBoosting,B4-Hardware,B5-HardwarePhysics,305,14,0.7517385516756413,0.7499049100531583,-0.0018336416224830066,-0.0002067597529516661,-0.027885522658255633,0.030467127052247592,2.226337714848102,2.2259565717887173,0.6414289030403666,0.6415516653557944,1000
y_gpu_energy_per_token_joules,RandomForest,B0-Core,B1-Static,305,14,0.9198163611984734,1.0080769541893844,0.08826059299091094,0.11843695563796998,-0.05492759184399637,0.35059535554005433,2.292049329370948,2.4255435794946276,0.619949670464618,0.5743904572915692,1000
y_gpu_energy_per_token_joules,RandomForest,B1-Static,B2b-Effective,305,14,1.0080769541893844,0.9934774690155113,-0.014599485173873106,-0.007294861309883267,-0.1591630660994846,0.17461556572605502,2.4255435794946276,2.3636950382360897,0.5743904572915692,0.5958188269442557,1000
y_gpu_energy_per_token_joules,RandomForest,B2b-Effective,B3-Physics,305,14,0.9934774690155113,1.1815367305331783,0.18805926151766705,0.23434566849270078,-0.015522845529197866,0.5143964498296304,2.3636950382360897,2.647721605516535,0.5958188269442557,0.49284836313790625,1000
y_gpu_energy_per_token_joules,RandomForest,B3-Physics,B4-Hardware,305,14,1.1815367305331783,1.1409100713760019,-0.04062665915717645,-0.04930364028133493,-0.11952249774247624,0.01618419296967225,2.647721605516535,2.5809018261620067,0.49284836313790625,0.5181230390191238,1000
y_gpu_energy_per_token_joules,RandomForest,B4-Hardware,B5-HardwarePhysics,305,14,1.1409100713760019,1.119006247923608,-0.021903823452393834,-0.11865764342193318,-0.5643448167102956,0.15041148511992478,2.5809018261620067,2.5610395419164327,0.5181230390191238,0.5255114238134657,1000
y_gpu_energy_per_token_joules,Ridge,B0-Core,B1-Static,305,14,1.4571827840507965,1.4696462656969012,0.012463481646104668,0.04352957457280215,-0.06310691684224706,0.13589456203007758,2.972502751856955,2.9902858689475598,0.360798591019899,0.3531276172986392,1000
y_gpu_energy_per_token_joules,Ridge,B1-Static,B2b-Effective,305,14,1.4696462656969012,1.6831996170632726,0.21355335136637144,0.16687100680368788,-0.08553426981083273,0.5676601316082988,2.9902858689475598,3.156128268128212,0.3531276172986392,0.27938635222436203,1000
y_gpu_energy_per_token_joules,Ridge,B2b-Effective,B3-Physics,305,14,1.6831996170632726,1.6160626140970757,-0.06713700296619685,0.06631260044582912,-0.4603793073455876,0.7443754133453543,3.156128268128212,2.914631967222028,0.27938635222436203,0.38544516383782557,1000
y_gpu_energy_per_token_joules,Ridge,B3-Physics,B4-Hardware,305,14,1.6160626140970757,1.6272205459035245,0.011157931806448751,-0.07450333002271893,-0.5177134957889609,0.2902232725434586,2.914631967222028,2.9384955634370282,0.38544516383782557,0.3753406116409461,1000
y_gpu_energy_per_token_joules,Ridge,B4-Hardware,B5-HardwarePhysics,305,14,1.6272205459035245,1.4956001805523516,-0.13162036535117294,-0.15208018141652646,-0.2924895516204696,-0.03978612183008206,2.9384955634370282,2.7999475963604534,0.3753406116409461,0.4328564474018244,1000
y_gpu_energy_per_token_joules,SmallMLP,B0-Core,B1-Static,305,14,1.0464624176847104,1.9290065548158961,0.8825441371311857,1.2409458590039695,0.09334542532623341,2.9055804535324046,2.839404776107172,4.677802641317792,0.4167593168866761,-0.58298566649855,1000
y_gpu_energy_per_token_joules,SmallMLP,B1-Static,B2b-Effective,305,14,1.9290065548158961,1.6247776295701568,-0.3042289252457393,-0.6559902627233044,-2.3061948344952303,0.9459773271174131,4.677802641317792,3.083869037459922,-0.58298566649855,0.31200537368418546,1000
y_gpu_energy_per_token_joules,SmallMLP,B2b-Effective,B3-Physics,305,14,1.6247776295701568,2.775295735369042,1.1505181057988851,1.685351550765907,-0.43599795356988363,4.96804542402921,3.083869037459922,6.630163892288332,0.31200537368418546,-2.180106912260175,1000
y_gpu_energy_per_token_joules,SmallMLP,B3-Physics,B4-Hardware,305,14,2.775295735369042,3.955734730586252,1.18043899521721,1.8420118815629531,-1.0201952461188735,6.081330602626458,6.630163892288332,11.641613624104878,-2.180106912260175,-8.804366909521132,1000
y_gpu_energy_per_token_joules,SmallMLP,B4-Hardware,B5-HardwarePhysics,305,14,3.955734730586252,6.30583695275725,2.350102222170998,0.9320906172700358,-6.686854818183709,6.999588544527851,11.641613624104878,15.38897748434962,-8.804366909521132,-16.132183656937816,1000
y_gpu_energy_per_token_joules,SplineGAM,B0-Core,B1-Static,305,14,1.5349569978299067,1.668886343143091,0.13392934531318423,0.1457794861231938,-0.031965702682776986,0.3173687467416605,2.8999621134241793,3.085403253328158,0.3916159199259648,0.31132065275586684,1000
y_gpu_energy_per_token_joules,SplineGAM,B1-Static,B2b-Effective,305,14,1.668886343143091,1.83504000286704,0.16615365972394902,0.1492094962971025,-0.017335671842021144,0.4454553350380445,3.085403253328158,3.194619528884637,0.31132065275586684,0.26170236487639076,1000
y_gpu_energy_per_token_joules,SplineGAM,B2b-Effective,B3-Physics,305,14,1.83504000286704,1.7458267301902062,-0.08921327267683377,-0.0724717238914155,-0.26473399968362055,0.1055699054320494,3.194619528884637,3.082514857122687,0.26170236487639076,0.31260946174876203,1000
y_gpu_energy_per_token_joules,SplineGAM,B3-Physics,B4-Hardware,305,14,1.7458267301902062,1.777038092257222,0.031211362067015802,0.039412891329876035,-0.00016971210290906476,0.08911772915430621,3.082514857122687,3.1405545271946154,0.31260946174876203,0.28648046281690465,1000
y_gpu_energy_per_token_joules,SplineGAM,B4-Hardware,B5-HardwarePhysics,305,14,1.777038092257222,1.6372644576263613,-0.13977363463086068,-0.14529606358398564,-0.31276252862788745,0.017110821255237836,3.1405545271946154,3.0425503823204774,0.28648046281690465,0.3303178086773033,1000
y_gpu_energy_per_token_joules,XGBoost,B0-Core,B1-Static,305,14,0.6329441604468184,0.6203649202567622,-0.012579240190056296,-0.036405320922586686,-0.1320521908136674,0.026527114817137,2.1121232797991487,2.1142293528118623,0.6772756612144015,0.6766317405739837,1000
y_gpu_energy_per_token_joules,XGBoost,B1-Static,B2b-Effective,305,14,0.6203649202567622,0.6550406449925574,0.03467572473579528,0.05165597994833785,-0.003779225909938331,0.11907992928181445,2.1142293528118623,2.2193403136154255,0.6766317405739837,0.6436793458280152,1000
y_gpu_energy_per_token_joules,XGBoost,B2b-Effective,B3-Physics,305,14,0.6550406449925574,0.6539372935128839,-0.0011033514796735533,-0.02139024758579942,-0.10702833857837628,0.07411414937480054,2.2193403136154255,2.1300520785740096,0.6436793458280152,0.6717735039069763,1000
y_gpu_energy_per_token_joules,XGBoost,B3-Physics,B4-Hardware,305,14,0.6539372935128839,0.6834391249120332,0.029501831399149303,0.039863240807917845,-0.0018535264075001169,0.08913299594297854,2.1300520785740096,2.1485474174838295,0.6717735039069763,0.6660487460428925,1000
y_gpu_energy_per_token_joules,XGBoost,B4-Hardware,B5-HardwarePhysics,305,14,0.6834391249120332,0.719267867045043,0.035828742133009794,0.04914709599858212,-0.03402509929986278,0.21067163847559273,2.1485474174838295,2.3865721340531874,0.6660487460428925,0.5879572056265046,1000
