model_variant,analysis_role,bundle,model_name,target,split_scheme,repeat_index,n_test,n_models_test,n_families_test,mae,rmse,r2,mdape_percent,smape_percent,negative_prediction_count,backend_module
B0-Core__HistGradientBoosting,historical_reference,B0-Core,HistGradientBoosting,y_gpu_avg_power_watts,config_group,,305,14,3,132.80017206145956,189.72816770024386,0.9896174022153207,6.751329638213986,11.359142206261149,0,sklearn.ensemble._hist_gradient_boosting.gradient_boosting
B0-Core__HistGradientBoosting,historical_reference,B0-Core,HistGradientBoosting,y_gpu_avg_power_watts,family_group,,305,14,3,672.0240089013265,1066.5895268387133,0.6718767271339962,21.38834994057339,25.025556795662002,0,sklearn.ensemble._hist_gradient_boosting.gradient_boosting
B0-Core__HistGradientBoosting,historical_reference,B0-Core,HistGradientBoosting,y_gpu_avg_power_watts,model_group,,305,14,3,253.28681292563533,423.1162959789683,0.94836289221451,11.890086270202598,15.215843750438829,0,sklearn.ensemble._hist_gradient_boosting.gradient_boosting
B0-Core__HistGradientBoosting,historical_reference,B0-Core,HistGradientBoosting,y_gpu_avg_power_watts,random,0.0,61,14,3,129.1509532293459,181.92382202435758,0.9890375011864943,6.711156156178083,12.505584942806655,0,sklearn.ensemble._hist_gradient_boosting.gradient_boosting
B0-Core__HistGradientBoosting,historical_reference,B0-Core,HistGradientBoosting,y_gpu_avg_power_watts,random,1.0,61,12,3,119.60543995045458,163.9385890615086,0.9935870261003803,5.2643593465347305,8.416218983423791,0,sklearn.ensemble._hist_gradient_boosting.gradient_boosting
B0-Core__HistGradientBoosting,historical_reference,B0-Core,HistGradientBoosting,y_gpu_avg_power_watts,random,2.0,61,13,3,137.41050940697204,203.6766034573018,0.9889591090326738,5.960517924004986,13.260413483955286,0,sklearn.ensemble._hist_gradient_boosting.gradient_boosting
B0-Core__HistGradientBoosting,historical_reference,B0-Core,HistGradientBoosting,y_gpu_avg_power_watts,random,3.0,61,14,3,128.12663106079674,201.8793714661428,0.9871664677118923,5.970170625915182,11.728799935635266,0,sklearn.ensemble._hist_gradient_boosting.gradient_boosting
B0-Core__HistGradientBoosting,historical_reference,B0-Core,HistGradientBoosting,y_gpu_avg_power_watts,random,4.0,61,14,3,93.0143386505245,125.17878770550661,0.9941515368321489,5.421065991011412,9.613104043522176,0,sklearn.ensemble._hist_gradient_boosting.gradient_boosting
B0-Core__HistGradientBoosting,historical_reference,B0-Core,HistGradientBoosting,y_gpu_avg_power_watts,random,5.0,61,13,3,96.14517379476179,128.96004185714557,0.994500326245283,4.173080819970244,9.3983328074019,0,sklearn.ensemble._hist_gradient_boosting.gradient_boosting
B0-Core__HistGradientBoosting,historical_reference,B0-Core,HistGradientBoosting,y_gpu_avg_power_watts,random,6.0,61,14,3,136.3962125288609,203.24500620460054,0.9874349974789645,6.202991025970071,11.791875924493016,0,sklearn.ensemble._hist_gradient_boosting.gradient_boosting
B0-Core__HistGradientBoosting,historical_reference,B0-Core,HistGradientBoosting,y_gpu_avg_power_watts,random,7.0,61,12,3,129.25378913722463,211.3992638539789,0.9782953988920781,6.482258563628629,13.378027004938794,0,sklearn.ensemble._hist_gradient_boosting.gradient_boosting
B0-Core__HistGradientBoosting,historical_reference,B0-Core,HistGradientBoosting,y_gpu_avg_power_watts,random,8.0,61,14,3,178.468787300697,284.149585023918,0.9750133987580776,5.889348167784939,9.876022766076344,0,sklearn.ensemble._hist_gradient_boosting.gradient_boosting
B0-Core__HistGradientBoosting,historical_reference,B0-Core,HistGradientBoosting,y_gpu_avg_power_watts,random,9.0,61,14,3,152.84496219933445,234.19205806446163,0.9866471867487188,6.220827135884422,10.565796566805371,0,sklearn.ensemble._hist_gradient_boosting.gradient_boosting
B4-Hardware__XGBoost,outcome_informed_exploratory_followup,B4-Hardware,XGBoost,y_gpu_avg_power_watts,config_group,,305,14,3,94.67120019056895,166.40793136578844,0.9920128755988173,3.935086672906954,6.374036274786836,0,xgboost.sklearn
B4-Hardware__XGBoost,outcome_informed_exploratory_followup,B4-Hardware,XGBoost,y_gpu_avg_power_watts,family_group,,305,14,3,736.6991311666703,1192.866307097378,0.589582426004107,21.175540327501892,25.93840068022023,0,xgboost.sklearn
B4-Hardware__XGBoost,outcome_informed_exploratory_followup,B4-Hardware,XGBoost,y_gpu_avg_power_watts,model_group,,305,14,3,204.36577476881106,370.64900365559834,0.960375109140816,8.573163575575036,10.509036983737746,0,xgboost.sklearn
B4-Hardware__XGBoost,outcome_informed_exploratory_followup,B4-Hardware,XGBoost,y_gpu_avg_power_watts,random,0.0,61,14,3,77.34015463811015,110.52186072151972,0.9959539914857093,4.59924522364393,6.51554121212337,0,xgboost.sklearn
B4-Hardware__XGBoost,outcome_informed_exploratory_followup,B4-Hardware,XGBoost,y_gpu_avg_power_watts,random,1.0,61,12,3,124.0130456985808,187.10652386421398,0.9916463755485062,5.060846060614646,6.450011173659985,0,xgboost.sklearn
B4-Hardware__XGBoost,outcome_informed_exploratory_followup,B4-Hardware,XGBoost,y_gpu_avg_power_watts,random,2.0,61,13,3,109.83623868491453,197.1794252048369,0.9896522714930442,4.84374827318669,8.903152434172021,0,xgboost.sklearn
B4-Hardware__XGBoost,outcome_informed_exploratory_followup,B4-Hardware,XGBoost,y_gpu_avg_power_watts,random,3.0,61,14,3,112.46434230653406,200.55162442372293,0.9873347231407323,5.208069790940682,7.509617253493086,0,xgboost.sklearn
B4-Hardware__XGBoost,outcome_informed_exploratory_followup,B4-Hardware,XGBoost,y_gpu_avg_power_watts,random,4.0,61,14,3,56.26353957026438,77.89878047050125,0.9977351387887265,3.649893029880391,5.3211579306553975,0,xgboost.sklearn
B4-Hardware__XGBoost,outcome_informed_exploratory_followup,B4-Hardware,XGBoost,y_gpu_avg_power_watts,random,5.0,61,13,3,65.63174453828516,88.64764199412049,0.9974012711211775,3.0186378656605943,5.091324651393791,0,xgboost.sklearn
B4-Hardware__XGBoost,outcome_informed_exploratory_followup,B4-Hardware,XGBoost,y_gpu_avg_power_watts,random,6.0,61,14,3,104.46690290959306,141.39921525391003,0.9939184145787909,5.318655543702857,7.401211000466379,0,xgboost.sklearn
B4-Hardware__XGBoost,outcome_informed_exploratory_followup,B4-Hardware,XGBoost,y_gpu_avg_power_watts,random,7.0,61,12,3,90.88437373043568,178.74521816804526,0.9844827866299359,4.812147439973169,8.645159343027547,0,xgboost.sklearn
B4-Hardware__XGBoost,outcome_informed_exploratory_followup,B4-Hardware,XGBoost,y_gpu_avg_power_watts,random,8.0,61,14,3,121.73094735962927,241.68108750198635,0.9819241609060549,3.4947287923802985,5.940525934997781,0,xgboost.sklearn
B4-Hardware__XGBoost,outcome_informed_exploratory_followup,B4-Hardware,XGBoost,y_gpu_avg_power_watts,random,9.0,61,14,3,109.21068073599443,213.8793390305292,0.9888630539618083,2.9952430245216584,5.836075550855454,0,xgboost.sklearn
