experiment_id,target,cohort,bundle,model_name,split_scheme,target_transform,target_strategy,backend_module,n_rows,mae,rmse,r2,mdape_percent,smape_percent,bootstrap_replicates,n_model_clusters,mae_ci_low,mae_ci_high,rmse_ci_low,rmse_ci_high,r2_ci_low,r2_ci_high,mdape_percent_ci_low,mdape_percent_ci_high,smape_percent_ci_low,smape_percent_ci_high
y_gpu_avg_power_watts__B0-Core__CatBoost__model_group__raw__direct,y_gpu_avg_power_watts,physics,B0-Core,CatBoost,model_group,raw,direct,catboost.core,305,247.4406116010698,409.3210429597047,0.9516751461708064,11.45975374031418,15.979275367024826,1000,14,153.21902793211112,389.0704216877097,213.47582351732106,640.1287905930217,0.9158240552854013,0.9789062557391075,7.841414967605107,15.825680517878682,11.11182753498595,20.77565244845761
y_gpu_avg_power_watts__B0-Core__DummyMean__model_group__raw__direct,y_gpu_avg_power_watts,physics,B0-Core,DummyMean,model_group,raw,direct,sklearn.dummy,305,1657.1633505180814,1966.7917005674344,-0.11573007274173985,105.99837998200341,84.25051569692654,1000,14,1323.9742542245085,2099.1217181169004,1454.4485397991104,2576.104407729491,-0.637969868520859,-0.05200723064405537,57.28458866534085,174.24953669934834,69.6625475617548,97.29004374688152
y_gpu_avg_power_watts__B0-Core__ElasticNet__model_group__raw__direct,y_gpu_avg_power_watts,physics,B0-Core,ElasticNet,model_group,raw,direct,sklearn.linear_model._coordinate_descent,305,325.1377255138993,525.1025859333266,0.9204700482391733,15.645077336264258,20.353870439700668,1000,14,208.4041673684293,490.540335715618,296.4509464595884,758.6228608916749,0.8840282239910628,0.9420247926002089,9.79591543070073,22.345009450716113,14.771873200862974,26.04272223949254
y_gpu_avg_power_watts__B0-Core__ExtraTrees__model_group__raw__direct,y_gpu_avg_power_watts,physics,B0-Core,ExtraTrees,model_group,raw,direct,sklearn.ensemble._forest,305,323.4943935901907,555.1933671670574,0.9110940262450586,12.408302653563617,18.1841977259244,1000,14,150.43626766876758,521.1699836183677,231.38391750485536,771.0111498994956,0.8038476017368549,0.9736565030196955,8.493315051577573,14.86063134113641,13.52421949946938,23.321201987264672
y_gpu_avg_power_watts__B0-Core__HistGradientBoosting__model_group__raw__direct,y_gpu_avg_power_watts,physics,B0-Core,HistGradientBoosting,model_group,raw,direct,sklearn.ensemble._hist_gradient_boosting.gradient_boosting,305,253.28681292563533,423.1162959789683,0.94836289221451,11.890086270202598,15.215843750438829,1000,14,147.30827847682292,414.5958726139115,192.54050460486863,642.5240979232146,0.9125918297268953,0.9777371015763119,7.415412310818994,15.611028121093229,12.091221445128827,18.455375435356085
y_gpu_avg_power_watts__B0-Core__RandomForest__model_group__raw__direct,y_gpu_avg_power_watts,physics,B0-Core,RandomForest,model_group,raw,direct,sklearn.ensemble._forest,305,283.75745684568807,452.79761160271516,0.9408641750348067,12.408954973960059,15.668094981998914,1000,14,174.04457266870557,440.49751560968053,253.36816631597515,658.1079560635012,0.9050152805530564,0.9594546029272483,10.198830286538879,15.806295526423968,13.666361690017865,17.840060446510215
y_gpu_avg_power_watts__B0-Core__Ridge__model_group__raw__direct,y_gpu_avg_power_watts,physics,B0-Core,Ridge,model_group,raw,direct,sklearn.linear_model._ridge,305,321.7070349863833,521.3094846816829,0.921614874495803,14.892142832527943,20.494689862562435,1000,14,207.11108417070687,475.2320894695984,297.2097895739896,739.6106423924892,0.8882392915579654,0.9418473649575295,9.64407204539237,23.64453535235369,14.989425248765116,26.75571012444247
y_gpu_avg_power_watts__B0-Core__SmallMLP__model_group__raw__direct,y_gpu_avg_power_watts,physics,B0-Core,SmallMLP,model_group,raw,direct,sklearn.neural_network._multilayer_perceptron,305,744.4120677109104,1824.3832746273704,0.039992625463389886,23.289880264482,39.93069082184865,1000,14,328.6009072454196,1299.1023743490787,527.5190079620979,2944.4653702848836,-1.8248752860735356,0.8878105133796694,16.67856590767748,35.75608390453411,23.334410950351604,60.426012520458556
y_gpu_avg_power_watts__B0-Core__SplineGAM__model_group__raw__direct,y_gpu_avg_power_watts,physics,B0-Core,SplineGAM,model_group,raw,direct,sklearn.linear_model._ridge,305,399.1961915622674,558.6155167867026,0.9099946355017824,21.356483694002286,26.922651133168294,1000,14,274.31956493982585,557.4131863425768,362.06373221904437,761.3105039807119,0.8585747616428803,0.9289894625205628,14.69069868303365,29.868783224625652,19.495350716425236,34.68964584487009
y_gpu_avg_power_watts__B0-Core__XGBoost__model_group__raw__direct,y_gpu_avg_power_watts,physics,B0-Core,XGBoost,model_group,raw,direct,xgboost.sklearn,305,255.33722940138207,402.8665886348857,0.9531871688606691,11.242868228827458,14.905711877763675,1000,14,155.05484952146455,393.2320840286427,217.93893923769758,580.1004356218301,0.9251906922871644,0.9662652059549226,9.268559516902299,14.582443786317189,12.184699756898047,17.800163063660747
y_gpu_avg_power_watts__B1-Static__CatBoost__model_group__raw__direct,y_gpu_avg_power_watts,physics,B1-Static,CatBoost,model_group,raw,direct,catboost.core,305,237.97652999871525,358.13769782448276,0.9630050469849502,11.035141776620888,15.636657949214305,1000,14,154.4699834115504,351.6173715139213,213.5980416739223,524.80907545318,0.9387757216104219,0.9822923524633513,7.834615436116694,17.208825756106872,10.960962850563025,21.003228541838872
y_gpu_avg_power_watts__B1-Static__DummyMean__model_group__raw__direct,y_gpu_avg_power_watts,physics,B1-Static,DummyMean,model_group,raw,direct,sklearn.dummy,305,1657.1633505180814,1966.7917005674344,-0.11573007274173985,105.99837998200341,84.25051569692654,1000,14,1303.0384025332778,2082.2411448302832,1441.6987274833166,2522.336204328558,-0.7427910097379807,-0.04666414393710327,57.56264672276337,179.52833040969617,68.89555657741037,97.25199663551427
y_gpu_avg_power_watts__B1-Static__ElasticNet__model_group__raw__direct,y_gpu_avg_power_watts,physics,B1-Static,ElasticNet,model_group,raw,direct,sklearn.linear_model._coordinate_descent,305,334.28061550947785,487.0753119088771,0.9315718750729426,15.69921753743047,24.297098510583716,1000,14,225.4822016334124,478.0187685348959,301.3844129936824,665.7460964893987,0.8969708128592708,0.9474856598151551,12.114875937889122,22.323132215696145,16.332420743962142,33.34693198603611
y_gpu_avg_power_watts__B1-Static__ExtraTrees__model_group__raw__direct,y_gpu_avg_power_watts,physics,B1-Static,ExtraTrees,model_group,raw,direct,sklearn.ensemble._forest,305,316.98495221311384,535.6231835989191,0.9172513079421115,13.16848450102282,19.025491195749726,1000,14,156.75591317467686,522.0042059867138,221.22014539021407,770.2357652263537,0.8207778712341155,0.9748536864320178,8.801049799802849,16.371365102600528,13.610875625017723,23.855194779988434
y_gpu_avg_power_watts__B1-Static__HistGradientBoosting__model_group__raw__direct,y_gpu_avg_power_watts,physics,B1-Static,HistGradientBoosting,model_group,raw,direct,sklearn.ensemble._hist_gradient_boosting.gradient_boosting,305,274.95403906073017,449.2157279856427,0.9417960697220251,12.71534155315644,15.139132859214218,1000,14,163.66037865740572,436.0074901593106,239.64820450919368,656.8323501554934,0.9079021652145008,0.9619938783300493,9.741925076945263,15.773732569817671,12.520326987064214,17.77602172439753
y_gpu_avg_power_watts__B1-Static__RandomForest__model_group__raw__direct,y_gpu_avg_power_watts,physics,B1-Static,RandomForest,model_group,raw,direct,sklearn.ensemble._forest,305,301.1792964874047,468.2221293130921,0.936766637530156,14.407479782022303,16.146120316667727,1000,14,172.69684598585636,475.80395192923083,251.40036722298854,684.97546032731,0.899014022231126,0.9565044876580359,12.315383748112904,15.917342069284912,14.494390358434387,18.151808135500477
y_gpu_avg_power_watts__B1-Static__Ridge__model_group__raw__direct,y_gpu_avg_power_watts,physics,B1-Static,Ridge,model_group,raw,direct,sklearn.linear_model._ridge,305,342.2665650075903,512.9585613820983,0.924106082594583,15.437644328915804,24.768588222081682,1000,14,232.25697667379362,506.44697132604284,320.8220954201198,718.4525813617123,0.8851194744703512,0.9449370985940893,9.680330390098181,22.614419317652352,16.727721562649908,35.14774220576321
y_gpu_avg_power_watts__B1-Static__SmallMLP__model_group__raw__direct,y_gpu_avg_power_watts,physics,B1-Static,SmallMLP,model_group,raw,direct,sklearn.neural_network._multilayer_perceptron,305,363.2951642034963,553.1565491153082,0.9117451619839698,15.831686447096832,20.597372506049176,1000,14,239.0566882312342,530.2569928715828,383.7266699729189,729.0360547232801,0.8449903073343595,0.9465455147372008,11.988515287886573,19.542744009910933,16.40063973885379,26.306131841012835
y_gpu_avg_power_watts__B1-Static__SplineGAM__model_group__raw__direct,y_gpu_avg_power_watts,physics,B1-Static,SplineGAM,model_group,raw,direct,sklearn.linear_model._ridge,305,361.67287974664396,492.89099126250676,0.9299280560530505,19.40283522797346,26.39341656832073,1000,14,261.46871586896515,516.2062036405285,341.58538121016454,674.4416861458308,0.8805999221128391,0.9469628388864434,12.839780952921329,30.242759785201272,17.967335099797776,34.68026191733133
y_gpu_avg_power_watts__B1-Static__XGBoost__model_group__raw__direct,y_gpu_avg_power_watts,physics,B1-Static,XGBoost,model_group,raw,direct,xgboost.sklearn,305,237.85209639735885,391.14671245541865,0.9558712349551313,11.267227328731073,14.420028836601787,1000,14,145.37350460117136,375.4815426180289,199.4429882734206,577.3333689772261,0.9317281296491638,0.9756612433859138,7.724221718713147,15.231082499778303,11.196250531864655,17.688757560827092
y_gpu_avg_power_watts__B2b-Effective__CatBoost__model_group__raw__direct,y_gpu_avg_power_watts,physics,B2b-Effective,CatBoost,model_group,raw,direct,catboost.core,305,243.84263628141557,372.64850793157444,0.9599464348667632,12.69830930074349,13.384383576978268,1000,14,142.28667027175666,365.5184989558099,214.18206652661019,525.8115496898109,0.9357127849549887,0.9793795366425794,10.1669300688083,14.748638798654735,11.677648962658076,15.216348339082085
y_gpu_avg_power_watts__B2b-Effective__DummyMean__model_group__raw__direct,y_gpu_avg_power_watts,physics,B2b-Effective,DummyMean,model_group,raw,direct,sklearn.dummy,305,1657.1633505180814,1966.7917005674344,-0.11573007274173985,105.99837998200341,84.25051569692654,1000,14,1301.0024632497923,2137.9596990275877,1418.3583291191112,2557.981362741839,-0.6494924336409577,-0.04503539923983737,61.98808666066817,176.88893355452225,70.3589845066606,98.0358005037575
y_gpu_avg_power_watts__B2b-Effective__ElasticNet__model_group__raw__direct,y_gpu_avg_power_watts,physics,B2b-Effective,ElasticNet,model_group,raw,direct,sklearn.linear_model._coordinate_descent,305,398.0521859270634,552.7948702518448,0.9118605342930092,18.386762366186936,28.87337872898667,1000,14,273.3961847495403,562.0443170407169,371.579517021733,742.0568301447571,0.8469396877031948,0.9369113399607054,12.044547597310913,32.791783518873096,19.680584436864873,40.13834448623869
y_gpu_avg_power_watts__B2b-Effective__ExtraTrees__model_group__raw__direct,y_gpu_avg_power_watts,physics,B2b-Effective,ExtraTrees,model_group,raw,direct,sklearn.ensemble._forest,305,311.70487687679594,544.0556967733615,0.9146253120670703,11.671145599971878,16.984992760939882,1000,14,145.05246801293558,503.55660922271886,216.479255738727,764.2792880618188,0.8098811857578005,0.9724429267493857,7.495796219975401,14.828574345589859,12.202848861713719,22.18786791009956
y_gpu_avg_power_watts__B2b-Effective__HistGradientBoosting__model_group__raw__direct,y_gpu_avg_power_watts,physics,B2b-Effective,HistGradientBoosting,model_group,raw,direct,sklearn.ensemble._hist_gradient_boosting.gradient_boosting,305,281.89670970287676,452.91551800427715,0.9408333736350258,13.778000066794666,14.457130448896214,1000,14,162.61986521777908,439.73549393508586,254.4771652256434,637.9076777724954,0.9075603162366415,0.958457871101991,10.899701069171046,15.694336071624123,12.333317119237533,16.965092640276193
y_gpu_avg_power_watts__B2b-Effective__RandomForest__model_group__raw__direct,y_gpu_avg_power_watts,physics,B2b-Effective,RandomForest,model_group,raw,direct,sklearn.ensemble._forest,305,311.7438741647942,479.42331662338796,0.933705010069389,14.103260433733997,15.916207359783405,1000,14,177.75748768708732,487.0397051719551,283.7145517384758,686.7775066268932,0.8988935229946348,0.9548427131685927,9.69703230695414,18.34708506193129,12.215120177983414,20.75539567740154
y_gpu_avg_power_watts__B2b-Effective__Ridge__model_group__raw__direct,y_gpu_avg_power_watts,physics,B2b-Effective,Ridge,model_group,raw,direct,sklearn.linear_model._ridge,305,397.79938562364333,556.4495847542332,0.91069124189028,18.495506818216846,28.806293537953394,1000,14,261.03275823566986,584.1588484932379,350.5131622465743,779.929262280288,0.8475339503460199,0.9369007847428902,12.449404567246946,40.942424673993095,19.166588204954007,40.511333100698714
y_gpu_avg_power_watts__B2b-Effective__SmallMLP__model_group__raw__direct,y_gpu_avg_power_watts,physics,B2b-Effective,SmallMLP,model_group,raw,direct,sklearn.neural_network._multilayer_perceptron,305,747.6976994415588,1164.0312279794314,0.6091846006641133,30.927644177687867,51.22822428001423,1000,14,456.90910574248227,1152.3851635628882,644.9346546856175,1766.5864104671625,0.28036064609173333,0.8013589060893328,19.830362356907806,62.283958124008315,33.399705875687296,72.16261757005051
y_gpu_avg_power_watts__B2b-Effective__SplineGAM__model_group__raw__direct,y_gpu_avg_power_watts,physics,B2b-Effective,SplineGAM,model_group,raw,direct,sklearn.linear_model._ridge,305,439.1928909017636,597.3824449322525,0.8970687333925972,21.69835949276473,30.94801240862781,1000,14,285.56583497352676,631.8340335442565,373.3792289780959,798.4376264572685,0.7399525420186562,0.9452705758161369,13.610155580419267,36.59528819400685,20.134079658701793,43.14814651654089
y_gpu_avg_power_watts__B2b-Effective__XGBoost__model_group__raw__direct,y_gpu_avg_power_watts,physics,B2b-Effective,XGBoost,model_group,raw,direct,xgboost.sklearn,305,254.6236553213945,434.8601342127687,0.9454566766609847,10.120664413314183,12.979963554988547,1000,14,150.55466990251156,410.6697945709108,243.61316589922976,632.2730944779647,0.9133898751758744,0.9635322425347591,9.061072670134356,14.289880667330964,10.738949969917718,15.775643953951702
y_gpu_avg_power_watts__B3-Physics__CatBoost__model_group__raw__direct,y_gpu_avg_power_watts,physics,B3-Physics,CatBoost,model_group,raw,direct,catboost.core,305,298.5273554628897,431.5763433649301,0.9462773203257991,15.415516348707383,16.914406946505824,1000,14,182.09807943451665,432.39599550492716,265.4932933101991,573.4886015477724,0.9076223433939322,0.9645964365726153,11.113446582289674,19.077685213188996,12.935985002856384,21.960246692113376
y_gpu_avg_power_watts__B3-Physics__DummyMean__model_group__raw__direct,y_gpu_avg_power_watts,physics,B3-Physics,DummyMean,model_group,raw,direct,sklearn.dummy,305,1657.1633505180814,1966.7917005674344,-0.11573007274173985,105.99837998200341,84.25051569692654,1000,14,1313.306620046843,2109.30762161593,1458.2021955521611,2550.934340494997,-0.7128692796637491,-0.05392544602048748,61.98808666066817,172.82735012558493,70.51579911543533,97.47276124601206
y_gpu_avg_power_watts__B3-Physics__ElasticNet__model_group__raw__direct,y_gpu_avg_power_watts,physics,B3-Physics,ElasticNet,model_group,raw,direct,sklearn.linear_model._coordinate_descent,305,483.6076431366472,695.595797771695,0.860441496333862,22.155981654335672,32.83638792732682,1000,14,317.5091318710763,716.1814495474327,428.3030626176541,1013.1279176230888,0.768198417860298,0.9192858027386673,15.582567319756725,50.675413879121145,21.749472397117863,44.475755357347275
y_gpu_avg_power_watts__B3-Physics__ExtraTrees__model_group__raw__direct,y_gpu_avg_power_watts,physics,B3-Physics,ExtraTrees,model_group,raw,direct,sklearn.ensemble._forest,305,342.7015317145262,536.4740369413842,0.9169882016196579,14.314853227206054,19.67376205660014,1000,14,177.8798610055881,529.5183427303427,281.7989363053717,737.9509118841152,0.8294806325642147,0.965012077348069,9.660688736542761,19.18075201444466,13.930629405859827,26.250315818125586
y_gpu_avg_power_watts__B3-Physics__HistGradientBoosting__model_group__raw__direct,y_gpu_avg_power_watts,physics,B3-Physics,HistGradientBoosting,model_group,raw,direct,sklearn.ensemble._hist_gradient_boosting.gradient_boosting,305,296.3748122924934,494.4858675601319,0.9294738505903003,12.917810260491258,14.72787152534442,1000,14,170.2678576624882,464.0034422480914,285.42411806103087,691.5503670731192,0.8927924275881223,0.9491703740603004,9.275200903357517,16.48705056152943,12.192518894881625,18.16723006324328
y_gpu_avg_power_watts__B3-Physics__RandomForest__model_group__raw__direct,y_gpu_avg_power_watts,physics,B3-Physics,RandomForest,model_group,raw,direct,sklearn.ensemble._forest,305,349.5548983906913,508.15526392565846,0.9255207555254235,17.058386310477253,18.74226998573718,1000,14,220.63979831446593,505.9889150193709,322.8757531767312,685.0702031814715,0.8880035954221581,0.9489084845605045,13.485962613299188,21.151626946769895,14.587418340824279,23.659292534323257
y_gpu_avg_power_watts__B3-Physics__Ridge__model_group__raw__direct,y_gpu_avg_power_watts,physics,B3-Physics,Ridge,model_group,raw,direct,sklearn.linear_model._ridge,305,520.3351589656362,723.7596297872097,0.8489116023749316,23.220098268900895,35.621935869084524,1000,14,311.97159584828876,758.540802279146,438.9899038847298,985.3433341919148,0.6985943136252485,0.9198651716535532,12.689979707421408,51.966719819116506,22.919174330887287,49.171298233832836
y_gpu_avg_power_watts__B3-Physics__SmallMLP__model_group__raw__direct,y_gpu_avg_power_watts,physics,B3-Physics,SmallMLP,model_group,raw,direct,sklearn.neural_network._multilayer_perceptron,305,1534.499880434485,3124.5150359472846,-1.8158378532978903,53.38937742223785,62.75794823186607,1000,14,687.9204384654658,2942.8958548261894,997.9276009775225,5321.293003816077,-4.826221827561368,0.6428886321320286,29.317548938666636,100.65945811064401,43.203868367220196,86.12873920024715
y_gpu_avg_power_watts__B3-Physics__SplineGAM__model_group__raw__direct,y_gpu_avg_power_watts,physics,B3-Physics,SplineGAM,model_group,raw,direct,sklearn.linear_model._ridge,305,539.277848938255,739.6079788956393,0.8422223147194313,19.66528374494057,35.31234075193407,1000,14,324.85065212827044,802.0227699894169,465.46951116732083,982.9201067116604,0.5713015248182345,0.9232355511704243,12.82194279034595,65.27987967126673,19.942367534482322,52.22242998607011
y_gpu_avg_power_watts__B3-Physics__XGBoost__model_group__raw__direct,y_gpu_avg_power_watts,physics,B3-Physics,XGBoost,model_group,raw,direct,xgboost.sklearn,305,237.86616554371875,379.5917545512382,0.9584399611083645,10.56807001597945,12.615808563298284,1000,14,141.75634115919158,363.1074048526856,218.3528302596066,534.2625754697668,0.9413251159135944,0.9671697463996954,9.046591076632392,12.697871293657768,10.917772894994073,14.322475808291935
y_gpu_avg_power_watts__B4-Hardware__CatBoost__model_group__raw__direct,y_gpu_avg_power_watts,physics,B4-Hardware,CatBoost,model_group,raw,direct,catboost.core,305,316.92497090202806,489.0557457850629,0.9310142903290602,13.847515984068309,17.56287476217889,1000,14,174.46493123599186,468.9818722223012,266.07111028712194,652.7810877514778,0.8647458040271209,0.9711691137498063,9.290934910329224,19.389156450914626,11.871037778772354,24.689359442729526
y_gpu_avg_power_watts__B4-Hardware__DummyMean__model_group__raw__direct,y_gpu_avg_power_watts,physics,B4-Hardware,DummyMean,model_group,raw,direct,sklearn.dummy,305,1657.1633505180814,1966.7917005674344,-0.11573007274173985,105.99837998200341,84.25051569692654,1000,14,1322.4006101984344,2114.4969596191213,1456.6648038395585,2528.341727055686,-0.7851665477766293,-0.04519027382860266,61.986143638333694,174.22611227913265,70.44337800806376,96.96984711119504
y_gpu_avg_power_watts__B4-Hardware__ElasticNet__model_group__raw__direct,y_gpu_avg_power_watts,physics,B4-Hardware,ElasticNet,model_group,raw,direct,sklearn.linear_model._coordinate_descent,305,348.39647125142625,486.765399809829,0.9316589250904737,17.960955003281327,25.076195078662263,1000,14,245.23063858335232,484.549992427825,326.41729389368044,652.1911984165326,0.8998646811495032,0.9499341820277033,11.815534726880824,29.936490953172154,17.093625879434427,33.33800451097419
y_gpu_avg_power_watts__B4-Hardware__ExtraTrees__model_group__raw__direct,y_gpu_avg_power_watts,physics,B4-Hardware,ExtraTrees,model_group,raw,direct,sklearn.ensemble._forest,305,278.8984979552065,472.91092455423353,0.9354938535534795,11.207237963366257,16.328204948424407,1000,14,151.62342036446265,425.9663218897142,228.92508111761268,656.1934384387715,0.8689655947127755,0.9746230346798258,7.144293510377977,16.4638131958327,11.507723988353552,20.938354888345934
y_gpu_avg_power_watts__B4-Hardware__HistGradientBoosting__model_group__raw__direct,y_gpu_avg_power_watts,physics,B4-Hardware,HistGradientBoosting,model_group,raw,direct,sklearn.ensemble._hist_gradient_boosting.gradient_boosting,305,276.9573054219451,502.4384020608669,0.9271871456202975,11.853846212621386,13.706217613827294,1000,14,153.0248344586802,439.3342145216433,272.147388484702,698.6966089447095,0.8708491938691675,0.9588060827811091,8.611042585579053,15.692369813743214,11.640925738409665,16.109095651923937
y_gpu_avg_power_watts__B4-Hardware__RandomForest__model_group__raw__direct,y_gpu_avg_power_watts,physics,B4-Hardware,RandomForest,model_group,raw,direct,sklearn.ensemble._forest,305,345.01606093636565,537.5977646257279,0.9166400753470021,13.938134040508471,18.422733355249626,1000,14,209.20722743450042,511.88830048410136,319.84905015707415,719.5191808385208,0.8329017209362477,0.960479086929975,8.674562770859492,26.880854923572727,11.982286741971777,26.19483633295369
y_gpu_avg_power_watts__B4-Hardware__Ridge__model_group__raw__direct,y_gpu_avg_power_watts,physics,B4-Hardware,Ridge,model_group,raw,direct,sklearn.linear_model._ridge,305,340.2275707759778,492.0769046372753,0.930159334466784,16.73718276403911,24.168453652770765,1000,14,227.20306304560685,480.92222491320376,301.86132219403754,680.4131830619045,0.8926942499332594,0.9524641885243127,10.38494382436612,29.480453052064288,16.658357250119316,32.78180645808722
y_gpu_avg_power_watts__B4-Hardware__SmallMLP__model_group__raw__direct,y_gpu_avg_power_watts,physics,B4-Hardware,SmallMLP,model_group,raw,direct,sklearn.neural_network._multilayer_perceptron,305,1314.3352764751794,2735.6155798380846,-1.1585024298453441,48.36832097623743,62.42238369860491,1000,14,652.2834700704793,2466.536665770479,930.2456577384695,4764.5796899980605,-4.504887323279294,0.5886284339243982,26.454295087555533,81.11796558311784,39.757527175664386,86.53720015509074
y_gpu_avg_power_watts__B4-Hardware__SplineGAM__model_group__raw__direct,y_gpu_avg_power_watts,physics,B4-Hardware,SplineGAM,model_group,raw,direct,sklearn.linear_model._ridge,305,420.4734749132526,574.7419945698106,0.9047229577489501,17.888382049324548,28.278782449806585,1000,14,263.2278998561092,611.3445393614513,396.07404596487373,736.790459216935,0.7834179707824834,0.9427723791498608,8.920592224720467,48.87511958334528,16.86182519438603,40.786259255275795
y_gpu_avg_power_watts__B4-Hardware__XGBoost__model_group__raw__direct,y_gpu_avg_power_watts,physics,B4-Hardware,XGBoost,model_group,raw,direct,xgboost.sklearn,305,204.36577476881106,370.64900365559834,0.960375109140816,8.573163575575036,10.509036983737746,1000,14,110.25098675405256,335.1125201199128,172.28681931949257,544.8148090142373,0.9395516510154889,0.9779054041971192,6.090157483970431,11.414463048780371,8.491454494726216,12.977012584154135
y_gpu_avg_power_watts__B5-HardwarePhysics__CatBoost__model_group__raw__direct,y_gpu_avg_power_watts,physics,B5-HardwarePhysics,CatBoost,model_group,raw,direct,catboost.core,305,382.15575193638415,629.4101293349077,0.8857358848711485,14.500555762680742,20.00157948591596,1000,14,205.58832438230397,599.0285261619257,353.19717078856723,903.9143573037506,0.8110993134828146,0.9450410500856161,8.514582529799418,27.096443046257956,13.120089146084307,29.06147933987206
y_gpu_avg_power_watts__B5-HardwarePhysics__DummyMean__model_group__raw__direct,y_gpu_avg_power_watts,physics,B5-HardwarePhysics,DummyMean,model_group,raw,direct,sklearn.dummy,305,1657.1633505180814,1966.7917005674344,-0.11573007274173985,105.99837998200341,84.25051569692654,1000,14,1325.507005164883,2114.388557122359,1479.5136831513294,2558.7084450271177,-0.5782362231863585,-0.049841942583973696,61.83458789624427,172.82735012558493,70.13106759066551,96.66734688339125
y_gpu_avg_power_watts__B5-HardwarePhysics__ElasticNet__model_group__raw__direct,y_gpu_avg_power_watts,physics,B5-HardwarePhysics,ElasticNet,model_group,raw,direct,sklearn.linear_model._coordinate_descent,305,369.88116981019533,550.7240257574356,0.9125196621500821,20.209144909188566,25.947589323112556,1000,14,247.34087322786618,530.7059179457611,329.8337808716731,797.0586079935264,0.8646922790773914,0.9494871667665339,12.006150927150399,33.00697392125661,17.876149451366615,33.85418874379489
y_gpu_avg_power_watts__B5-HardwarePhysics__ExtraTrees__model_group__raw__direct,y_gpu_avg_power_watts,physics,B5-HardwarePhysics,ExtraTrees,model_group,raw,direct,sklearn.ensemble._forest,305,287.27458841372976,488.3876244400019,0.9312026506219053,11.338710680110866,16.638156782716823,1000,14,160.1852616457206,436.52442832140645,265.90300003388984,670.1415533538036,0.8608185620000133,0.9708560775085441,7.93217179461076,16.132026504005,11.58284844125846,21.97339926162022
y_gpu_avg_power_watts__B5-HardwarePhysics__HistGradientBoosting__model_group__raw__direct,y_gpu_avg_power_watts,physics,B5-HardwarePhysics,HistGradientBoosting,model_group,raw,direct,sklearn.ensemble._hist_gradient_boosting.gradient_boosting,305,308.33633029998964,527.5411763877877,0.9197296545714702,12.584663767035922,15.604852038064182,1000,14,183.57214631887214,487.39772763492516,318.8291065667441,737.4527647001089,0.8665230621362637,0.9572829161403392,8.867701889529632,15.45452126945036,11.353104875665496,22.407632633831607
y_gpu_avg_power_watts__B5-HardwarePhysics__RandomForest__model_group__raw__direct,y_gpu_avg_power_watts,physics,B5-HardwarePhysics,RandomForest,model_group,raw,direct,sklearn.ensemble._forest,305,392.35349969494075,593.4427835792409,0.8984218939306632,16.9772580839372,21.087465477691506,1000,14,227.99690726626505,588.7890198652844,342.93260013979716,809.7114264600983,0.7866122888446653,0.9550204099604441,11.000942246963502,29.48797435195763,14.39827794938969,28.04922894698244
y_gpu_avg_power_watts__B5-HardwarePhysics__Ridge__model_group__raw__direct,y_gpu_avg_power_watts,physics,B5-HardwarePhysics,Ridge,model_group,raw,direct,sklearn.linear_model._ridge,305,483.7339662298578,759.4884641446748,0.8336262641989177,21.688985089570057,30.918962244450256,1000,14,268.64353353092423,752.8708418097148,360.9824573654549,1135.6874567155373,0.7104963052200041,0.9416022698400465,11.738380191166723,47.98279195771837,18.942110095924516,42.8938730849322
y_gpu_avg_power_watts__B5-HardwarePhysics__SmallMLP__model_group__raw__direct,y_gpu_avg_power_watts,physics,B5-HardwarePhysics,SmallMLP,model_group,raw,direct,sklearn.neural_network._multilayer_perceptron,305,1567.9096683508305,2966.319108608979,-1.5379212601636896,64.62802536034614,100.02705520900139,1000,14,726.2233868911591,2914.4468076657763,1026.3633996715653,4920.312772486007,-4.366782656938971,0.46558966458310214,32.037500189429835,117.85272099353674,65.04482321637802,138.3581622923936
y_gpu_avg_power_watts__B5-HardwarePhysics__SplineGAM__model_group__raw__direct,y_gpu_avg_power_watts,physics,B5-HardwarePhysics,SplineGAM,model_group,raw,direct,sklearn.linear_model._ridge,305,528.4633140177041,748.0224979777374,0.8386118195214112,18.159489512996853,32.426544904134424,1000,14,301.98674625389407,820.6165186641655,460.9990352738205,1008.349012933508,0.6162294460709052,0.9209202357782228,11.31963131210472,59.24405980321379,19.298750951051918,48.682118091368146
y_gpu_avg_power_watts__B5-HardwarePhysics__XGBoost__model_group__raw__direct,y_gpu_avg_power_watts,physics,B5-HardwarePhysics,XGBoost,model_group,raw,direct,xgboost.sklearn,305,241.7462193537365,443.5477616343715,0.9432555764098876,10.362790347084223,12.099600506702558,1000,14,128.9588528450704,404.28496951226407,219.96784634230997,658.5632237713114,0.9121680694612729,0.9698498140355852,6.523856127150223,12.983438521463674,9.755983718502291,14.373042073964708
y_gpu_energy_per_token_joules__B0-Core__CatBoost__model_group__raw__direct,y_gpu_energy_per_token_joules,physics,B0-Core,CatBoost,model_group,raw,direct,catboost.core,305,0.6699063880031335,2.1301448788631334,0.6717449035008558,26.8347841911985,33.2069824805651,1000,14,0.20121543656760713,1.6492805542244948,0.36463498664264493,3.9262904406456482,0.5314769539980742,0.9706307928171837,18.260820565771567,42.183762517447875,22.67382993531933,45.5236055324467
y_gpu_energy_per_token_joules__B0-Core__DummyMean__model_group__raw__direct,y_gpu_energy_per_token_joules,physics,B0-Core,DummyMean,model_group,raw,direct,sklearn.dummy,305,2.2933420999356824,3.805024743748272,-0.047389373845585725,240.49504876251945,116.6259566422188,1000,14,1.6407147492357708,3.483546751975302,1.9267253172441523,6.034559001267988,-0.6571344288285528,-0.005404183858798003,83.17224326245505,516.7602344565529,96.62112937069773,134.2869207526992
y_gpu_energy_per_token_joules__B0-Core__ElasticNet__model_group__raw__direct,y_gpu_energy_per_token_joules,physics,B0-Core,ElasticNet,model_group,raw,direct,sklearn.linear_model._coordinate_descent,305,1.4455659136489207,2.9774204747297013,0.35868184570953765,105.14910602836467,82.45960882043762,1000,14,0.7565243265545197,2.3693966370127946,1.3091010214046088,4.699068978614407,0.04871557542235648,0.5105887765161342,75.38654408072706,151.2643233132584,74.62899757759581,88.72338957519328
y_gpu_energy_per_token_joules__B0-Core__ExtraTrees__model_group__raw__direct,y_gpu_energy_per_token_joules,physics,B0-Core,ExtraTrees,model_group,raw,direct,sklearn.ensemble._forest,305,0.758632145886217,2.0782990352687687,0.6875293254514363,35.886479170013416,41.92423968089943,1000,14,0.2626124636753511,1.5624114166436474,0.46344877540696855,3.598310336390379,0.5894029692605863,0.9418839818360716,23.50087723722788,66.3166686712082,29.933433214075627,54.02866570173042
y_gpu_energy_per_token_joules__B0-Core__HistGradientBoosting__model_group__raw__direct,y_gpu_energy_per_token_joules,physics,B0-Core,HistGradientBoosting,model_group,raw,direct,sklearn.ensemble._hist_gradient_boosting.gradient_boosting,305,0.6908860586121283,2.2588705189833234,0.6308729535816475,27.499723847246116,36.08729549527241,1000,14,0.2090234600461653,1.6528215503253199,0.4023884199398948,4.0139581596972835,0.49284039578856326,0.960169789224842,18.93396579466563,37.01879650753014,26.816325571915932,45.2659855677862
y_gpu_energy_per_token_joules__B0-Core__RandomForest__model_group__raw__direct,y_gpu_energy_per_token_joules,physics,B0-Core,RandomForest,model_group,raw,direct,sklearn.ensemble._forest,305,0.9198163611984734,2.292049329370948,0.619949670464618,32.5133388863772,45.21608843898604,1000,14,0.3133306298549591,1.8922500165177918,0.6696905724862672,3.997063095220866,0.4692330548338002,0.9184844442072386,21.442958064542797,57.48246033891577,28.246564417242165,66.09128194173404
y_gpu_energy_per_token_joules__B0-Core__Ridge__model_group__raw__direct,y_gpu_energy_per_token_joules,physics,B0-Core,Ridge,model_group,raw,direct,sklearn.linear_model._ridge,305,1.4571827840507965,2.972502751856955,0.360798591019899,96.63527807390395,79.99186628780596,1000,14,0.7633259288586035,2.334040744253322,1.288784280400901,4.617657112621642,-0.012369105092236366,0.4927125639824666,64.0298194456326,139.59633847278081,71.06605597839942,88.62261232363241
y_gpu_energy_per_token_joules__B0-Core__SmallMLP__model_group__raw__direct,y_gpu_energy_per_token_joules,physics,B0-Core,SmallMLP,model_group,raw,direct,sklearn.neural_network._multilayer_perceptron,305,1.0464624176847104,2.839404776107172,0.4167593168866761,43.260620798294255,57.728468078597,1000,14,0.3582694923432521,2.0833877049507405,0.7398726220189442,4.724578869616337,-0.10925642022474348,0.8766633330990156,23.15971091931027,65.31375584107214,40.893950527399234,76.79378064275396
y_gpu_energy_per_token_joules__B0-Core__SplineGAM__model_group__raw__direct,y_gpu_energy_per_token_joules,physics,B0-Core,SplineGAM,model_group,raw,direct,sklearn.linear_model._ridge,305,1.5349569978299067,2.8999621134241793,0.3916159199259648,120.26704774530903,91.90410616484404,1000,14,0.9471090682556642,2.4378785399565452,1.4323739723579185,4.685634956169087,0.25047768213482946,0.46063514603336736,67.93526061673197,166.75881876962458,83.32735959390439,99.3928390222259
y_gpu_energy_per_token_joules__B0-Core__XGBoost__model_group__raw__direct,y_gpu_energy_per_token_joules,physics,B0-Core,XGBoost,model_group,raw,direct,xgboost.sklearn,305,0.6329441604468184,2.1121232797991487,0.6772756612144015,26.748905701377346,31.607735458298368,1000,14,0.19174716581902984,1.4629337709640338,0.40673659117315497,3.713020666373469,0.5592761124383567,0.9631345244074905,14.577896846783888,33.258967661673836,22.737704642919272,40.766933408938606
y_gpu_energy_per_token_joules__B1-Static__CatBoost__model_group__raw__direct,y_gpu_energy_per_token_joules,physics,B1-Static,CatBoost,model_group,raw,direct,catboost.core,305,0.8493589983002371,2.24849937535699,0.6342547155930651,25.7975631464284,40.59526870568777,1000,14,0.2679291350783031,1.8232055408370114,0.4958526907068927,3.8959405331029036,0.4417461691220129,0.9406519548395349,17.00451640603716,61.41863919472773,25.589585541181876,60.56130256504237
y_gpu_energy_per_token_joules__B1-Static__DummyMean__model_group__raw__direct,y_gpu_energy_per_token_joules,physics,B1-Static,DummyMean,model_group,raw,direct,sklearn.dummy,305,2.2933420999356824,3.805024743748272,-0.047389373845585725,240.49504876251945,116.6259566422188,1000,14,1.6345069256059603,3.4263830322578386,2.02058542446843,5.961045090602027,-0.5334136818952261,-0.0009611221222712552,87.67576728839865,517.8972585039803,97.7661919102538,136.10176639126274
y_gpu_energy_per_token_joules__B1-Static__ElasticNet__model_group__raw__direct,y_gpu_energy_per_token_joules,physics,B1-Static,ElasticNet,model_group,raw,direct,sklearn.linear_model._coordinate_descent,305,1.4401695065687554,2.9561335415663326,0.36781921526009353,95.43447133773108,81.15937042080603,1000,14,0.747955969510073,2.417919308876752,1.3090592788636788,4.696438294915581,0.12325339763810624,0.4772862126759929,72.07342146145838,135.86525690236994,74.2685355802512,87.2956806219033
y_gpu_energy_per_token_joules__B1-Static__ExtraTrees__model_group__raw__direct,y_gpu_energy_per_token_joules,physics,B1-Static,ExtraTrees,model_group,raw,direct,sklearn.ensemble._forest,305,0.895336120306831,2.199913019686799,0.649890243900231,37.81176310593158,47.29348079613552,1000,14,0.3250539845111235,1.848580361465163,0.6498336704852973,3.729000996752702,0.4032100876721739,0.9143312016745996,25.183286114862437,67.24400440763986,31.518473656564417,67.59265309276385
y_gpu_energy_per_token_joules__B1-Static__HistGradientBoosting__model_group__raw__direct,y_gpu_energy_per_token_joules,physics,B1-Static,HistGradientBoosting,model_group,raw,direct,sklearn.ensemble._hist_gradient_boosting.gradient_boosting,305,0.7037549217922806,2.2392373862436257,0.6372616560861957,26.190557130660704,42.04952521383515,1000,14,0.21244378702444883,1.6494867270926072,0.43059636239647137,3.974188291934301,0.5131277760233451,0.9538275559000097,15.152294750272821,38.797874867715564,29.81098617221008,54.99853495728053
y_gpu_energy_per_token_joules__B1-Static__RandomForest__model_group__raw__direct,y_gpu_energy_per_token_joules,physics,B1-Static,RandomForest,model_group,raw,direct,sklearn.ensemble._forest,305,1.0080769541893844,2.4255435794946276,0.5743904572915692,29.785443429175757,46.18292105678637,1000,14,0.29475418285751387,1.8844441400249103,0.7028806288346876,3.8858433409781084,0.17649989836629992,0.9107869428095454,19.645900956978995,54.19028352366013,25.570970347691276,69.46168526813418
y_gpu_energy_per_token_joules__B1-Static__Ridge__model_group__raw__direct,y_gpu_energy_per_token_joules,physics,B1-Static,Ridge,model_group,raw,direct,sklearn.linear_model._ridge,305,1.4696462656969012,2.9902858689475598,0.3531276172986392,95.01002805574514,85.14880087921927,1000,14,0.7933226272799268,2.4202757919489346,1.2905241546991506,4.777587644076826,0.24478478925500272,0.4904815146427429,69.43365559229333,149.29322119117936,75.10257177437532,96.545713931353
y_gpu_energy_per_token_joules__B1-Static__SmallMLP__model_group__raw__direct,y_gpu_energy_per_token_joules,physics,B1-Static,SmallMLP,model_group,raw,direct,sklearn.neural_network._multilayer_perceptron,305,1.9290065548158961,4.677802641317792,-0.58298566649855,37.054551582684006,68.64049954045117,1000,14,0.7657714306209862,3.475347088034784,2.351206895114997,6.9018283219185905,-5.339583780622658,0.3253161542666373,22.329282121108132,101.81367399304328,41.531717233977126,101.86907603745799
y_gpu_energy_per_token_joules__B1-Static__SplineGAM__model_group__raw__direct,y_gpu_energy_per_token_joules,physics,B1-Static,SplineGAM,model_group,raw,direct,sklearn.linear_model._ridge,305,1.668886343143091,3.085403253328158,0.31132065275586684,117.76815839922439,102.21433953733494,1000,14,1.027930348473848,2.601071164315288,1.5514316924743352,4.868862505379917,0.030365455442649614,0.36991197055138314,81.93119337996515,163.60681731510869,90.71568782183823,112.01447536937665
y_gpu_energy_per_token_joules__B1-Static__XGBoost__model_group__raw__direct,y_gpu_energy_per_token_joules,physics,B1-Static,XGBoost,model_group,raw,direct,xgboost.sklearn,305,0.6203649202567622,2.1142293528118623,0.6766317405739837,24.2125728043411,29.564784773619664,1000,14,0.18105274917677527,1.5149746280078014,0.3577620604144663,3.774488256012669,0.5530003989274318,0.9666644360450893,16.764764032365743,30.972596079767385,22.5467265971746,37.73768808851767
y_gpu_energy_per_token_joules__B2b-Effective__CatBoost__model_group__raw__direct,y_gpu_energy_per_token_joules,physics,B2b-Effective,CatBoost,model_group,raw,direct,catboost.core,305,0.9067466569300325,2.5261181475626793,0.5383631057534732,27.526396589917656,35.94682410563602,1000,14,0.25884241607196135,1.863255883494648,0.5037106218223784,4.157430464679808,0.14053627163004734,0.9307997635779075,15.919169109573293,54.71846592502641,23.909082030835435,48.988984045405736
y_gpu_energy_per_token_joules__B2b-Effective__DummyMean__model_group__raw__direct,y_gpu_energy_per_token_joules,physics,B2b-Effective,DummyMean,model_group,raw,direct,sklearn.dummy,305,2.2933420999356824,3.805024743748272,-0.047389373845585725,240.49504876251945,116.6259566422188,1000,14,1.657893972891044,3.4169839930586967,1.9964397573354116,5.993867176995761,-0.5569668947229726,-0.0050093819997721,87.33242444011057,542.171065424874,97.6646337762351,136.0171858596387
y_gpu_energy_per_token_joules__B2b-Effective__ElasticNet__model_group__raw__direct,y_gpu_energy_per_token_joules,physics,B2b-Effective,ElasticNet,model_group,raw,direct,sklearn.linear_model._coordinate_descent,305,1.4757638314594372,2.94418977357295,0.3729173388737864,108.41500983678208,83.69756240080315,1000,14,0.7679884906633023,2.3947509564945735,1.2681582744608273,4.703857860319869,0.18052046068538014,0.4737339696370081,73.60209761346046,157.90170467595837,74.81175648743583,91.17754174017206
y_gpu_energy_per_token_joules__B2b-Effective__ExtraTrees__model_group__raw__direct,y_gpu_energy_per_token_joules,physics,B2b-Effective,ExtraTrees,model_group,raw,direct,sklearn.ensemble._forest,305,0.8501500543108363,2.1590386966272734,0.6627794398001224,31.923611967347277,41.59615110652265,1000,14,0.30512847433273416,1.6597045178979872,0.5773523195774038,3.6005788235712055,0.5515588953417766,0.9307646541933574,20.29519419068621,57.77209078327885,26.468232468859128,58.83410190686902
y_gpu_energy_per_token_joules__B2b-Effective__HistGradientBoosting__model_group__raw__direct,y_gpu_energy_per_token_joules,physics,B2b-Effective,HistGradientBoosting,model_group,raw,direct,sklearn.ensemble._hist_gradient_boosting.gradient_boosting,305,0.7427183612922277,2.2321404645375416,0.6395573002871433,35.2233455921923,50.789160584152384,1000,14,0.27718852592498455,1.6651345269866287,0.5305189595180094,3.9593540909879605,0.5166240872194576,0.9318853068910254,21.032355066523568,53.291207490876424,38.437164788912405,64.26333197249714
y_gpu_energy_per_token_joules__B2b-Effective__RandomForest__model_group__raw__direct,y_gpu_energy_per_token_joules,physics,B2b-Effective,RandomForest,model_group,raw,direct,sklearn.ensemble._forest,305,0.9934774690155113,2.3636950382360897,0.5958188269442557,39.07417839700515,48.72778064624903,1000,14,0.36698626532612727,1.9640730867620637,0.7379925713610493,4.001999545407745,0.3346568428046262,0.8950798453176337,14.702413579562675,144.2533737576011,27.684768924660567,73.01717915824972
y_gpu_energy_per_token_joules__B2b-Effective__Ridge__model_group__raw__direct,y_gpu_energy_per_token_joules,physics,B2b-Effective,Ridge,model_group,raw,direct,sklearn.linear_model._ridge,305,1.6831996170632726,3.156128268128212,0.27938635222436203,128.06825640440388,93.40718195143602,1000,14,0.9910414701966869,2.6383780752603756,1.5888804780967174,5.12668967182039,-0.21460690422537704,0.3881617063511375,71.98110294165416,209.6702057645591,80.64369190017646,105.87938265039206
y_gpu_energy_per_token_joules__B2b-Effective__SmallMLP__model_group__raw__direct,y_gpu_energy_per_token_joules,physics,B2b-Effective,SmallMLP,model_group,raw,direct,sklearn.neural_network._multilayer_perceptron,305,1.6247776295701568,3.083869037459922,0.31200537368418546,69.03114405243474,73.95079979813549,1000,14,0.9092067744640291,2.5176468176207702,1.7050497949209944,4.243836984045761,-1.2099849857472857,0.5745316189000755,41.820925857646536,148.9110862795227,56.99442568427882,92.89092330000155
y_gpu_energy_per_token_joules__B2b-Effective__SplineGAM__model_group__raw__direct,y_gpu_energy_per_token_joules,physics,B2b-Effective,SplineGAM,model_group,raw,direct,sklearn.linear_model._ridge,305,1.83504000286704,3.194619528884637,0.26170236487639076,123.14386550456496,107.3067796901947,1000,14,1.1550957562887865,2.689022328251102,1.733688649135247,4.881660188624662,-0.284962508133943,0.34815537467810254,83.58254466336054,227.17446429191563,93.97680969511501,121.02831421867657
y_gpu_energy_per_token_joules__B2b-Effective__XGBoost__model_group__raw__direct,y_gpu_energy_per_token_joules,physics,B2b-Effective,XGBoost,model_group,raw,direct,xgboost.sklearn,305,0.6550406449925574,2.2193403136154255,0.6436793458280152,27.310897832180707,36.14000701254451,1000,14,0.19666941863102572,1.6332110553576955,0.37294187049617067,4.08119457155605,0.49272186598666595,0.9614032059810232,17.162516864006122,40.4078810122963,24.871764686526614,51.413836654314224
y_gpu_energy_per_token_joules__B3-Physics__CatBoost__model_group__raw__direct,y_gpu_energy_per_token_joules,physics,B3-Physics,CatBoost,model_group,raw,direct,catboost.core,305,0.950340326398764,2.3804664100508846,0.590062820915162,28.840784302412253,45.04823244541399,1000,14,0.3350296474994687,1.8507745444027839,0.7177510993034152,4.0006197038980265,0.4388038892365621,0.8856069828884694,19.55235018087497,63.354769849057234,29.18022431312243,65.33381783312535
y_gpu_energy_per_token_joules__B3-Physics__DummyMean__model_group__raw__direct,y_gpu_energy_per_token_joules,physics,B3-Physics,DummyMean,model_group,raw,direct,sklearn.dummy,305,2.2933420999356824,3.805024743748272,-0.047389373845585725,240.49504876251945,116.6259566422188,1000,14,1.6281874521425892,3.390736060545609,1.9976824064927607,5.926322726529933,-0.501819491532823,-0.00716889963438907,83.17224326245505,516.7602344565529,96.71267116684712,134.04092104550256
y_gpu_energy_per_token_joules__B3-Physics__ElasticNet__model_group__raw__direct,y_gpu_energy_per_token_joules,physics,B3-Physics,ElasticNet,model_group,raw,direct,sklearn.linear_model._coordinate_descent,305,1.5157049550555826,2.967157221498227,0.3630955094739249,111.97412292489355,86.81773273981246,1000,14,0.8113873321934056,2.3333719979738485,1.4527325128967525,4.345489663290282,-0.13057612418139342,0.49540604410186456,72.10678327441825,152.4901228468152,78.10441731089858,96.00612819493959
y_gpu_energy_per_token_joules__B3-Physics__ExtraTrees__model_group__raw__direct,y_gpu_energy_per_token_joules,physics,B3-Physics,ExtraTrees,model_group,raw,direct,sklearn.ensemble._forest,305,1.068582769212272,2.440216606874958,0.5692255370263904,33.4683811321346,46.96193001890259,1000,14,0.40296616150961867,1.948984249786105,0.9085011008588859,3.8279949832812483,-0.02369250455706149,0.8410860598888765,19.656507581936943,69.78397872082049,27.36019308197691,71.53845462640473
y_gpu_energy_per_token_joules__B3-Physics__HistGradientBoosting__model_group__raw__direct,y_gpu_energy_per_token_joules,physics,B3-Physics,HistGradientBoosting,model_group,raw,direct,sklearn.ensemble._hist_gradient_boosting.gradient_boosting,305,0.7216538032326443,2.2202353072514605,0.643391900934335,25.56309775209227,43.7892094167664,1000,14,0.24954374433958812,1.592396532373366,0.4843848100629713,3.9097667625358654,0.5165213923213878,0.9448701809699597,18.170914826249014,38.73619282139801,33.56431535461788,54.33794906138766
y_gpu_energy_per_token_joules__B3-Physics__RandomForest__model_group__raw__direct,y_gpu_energy_per_token_joules,physics,B3-Physics,RandomForest,model_group,raw,direct,sklearn.ensemble._forest,305,1.1815367305331783,2.647721605516535,0.49284836313790625,42.878175056851944,51.55409898282475,1000,14,0.45537663914055326,2.0990801104205823,0.9641363337149165,4.118988214459055,-0.4809472824509285,0.8076043647965614,20.661936250252992,83.70582022084139,31.731319966501825,75.54911701931624
y_gpu_energy_per_token_joules__B3-Physics__Ridge__model_group__raw__direct,y_gpu_energy_per_token_joules,physics,B3-Physics,Ridge,model_group,raw,direct,sklearn.linear_model._ridge,305,1.6160626140970757,2.914631967222028,0.38544516383782557,117.16340971280188,92.78556958781685,1000,14,0.9759360179667579,2.4216141498181956,1.6233741753544453,4.180688044060079,-0.38370478576206535,0.5562096875250822,73.1150919026937,188.73798133221385,80.02225100165063,107.67231759904239
y_gpu_energy_per_token_joules__B3-Physics__SmallMLP__model_group__raw__direct,y_gpu_energy_per_token_joules,physics,B3-Physics,SmallMLP,model_group,raw,direct,sklearn.neural_network._multilayer_perceptron,305,2.775295735369042,6.630163892288332,-2.180106912260175,65.72249996040182,81.19413847609115,1000,14,1.1672246339546897,5.153185379357947,2.90491671922308,10.020293566000609,-19.224711138835417,0.004946639413819288,45.99768687178259,126.13268110924372,56.98473911012286,111.39165686008447
y_gpu_energy_per_token_joules__B3-Physics__SplineGAM__model_group__raw__direct,y_gpu_energy_per_token_joules,physics,B3-Physics,SplineGAM,model_group,raw,direct,sklearn.linear_model._ridge,305,1.7458267301902062,3.082514857122687,0.31260946174876203,128.7250109193249,105.32676371556269,1000,14,1.085066029744655,2.604005049494547,1.599172067725175,4.92341392386333,-0.07825458673484194,0.3703110498973474,77.99832934832389,233.99223481775206,91.37601639615626,119.33359715692794
y_gpu_energy_per_token_joules__B3-Physics__XGBoost__model_group__raw__direct,y_gpu_energy_per_token_joules,physics,B3-Physics,XGBoost,model_group,raw,direct,xgboost.sklearn,305,0.6539372935128839,2.1300520785740096,0.6717735039069763,24.690681348569317,29.891972506481235,1000,14,0.20291644795874683,1.5082423666452898,0.42128813070101423,3.7877767082258282,0.5495349520275294,0.9472177236838523,16.85747479360287,32.7756912144588,21.87433113765128,38.5841066935618
y_gpu_energy_per_token_joules__B4-Hardware__CatBoost__model_group__raw__direct,y_gpu_energy_per_token_joules,physics,B4-Hardware,CatBoost,model_group,raw,direct,catboost.core,305,1.0954159393882077,2.6760516548957485,0.48193747571005763,29.899723230513803,47.04139222773399,1000,14,0.40609753604790777,2.134219087215526,0.8617196224439257,4.2916237533665,-0.18926416166432566,0.8448511006811852,16.458881061636745,77.93464505176404,29.628202658469437,68.3756016749358
y_gpu_energy_per_token_joules__B4-Hardware__DummyMean__model_group__raw__direct,y_gpu_energy_per_token_joules,physics,B4-Hardware,DummyMean,model_group,raw,direct,sklearn.dummy,305,2.2933420999356824,3.805024743748272,-0.047389373845585725,240.49504876251945,116.6259566422188,1000,14,1.6444633735731653,3.451760851685226,1.9672621252222515,6.012100611123451,-0.5906778210911998,-0.009254136145558981,86.02326327448478,567.7243217780943,97.75048766674256,135.95585172450438
y_gpu_energy_per_token_joules__B4-Hardware__ElasticNet__model_group__raw__direct,y_gpu_energy_per_token_joules,physics,B4-Hardware,ElasticNet,model_group,raw,direct,sklearn.linear_model._coordinate_descent,305,1.4299170975142517,2.8309995331768154,0.4202072393341427,106.22851560795768,81.66755131696578,1000,14,0.7783311356256845,2.3108948691523845,1.2997029137622294,4.5245020305157935,0.16529116854251935,0.48734270399068835,71.27828023475688,155.02178211370742,74.15269679961227,88.67874213071241
y_gpu_energy_per_token_joules__B4-Hardware__ExtraTrees__model_group__raw__direct,y_gpu_energy_per_token_joules,physics,B4-Hardware,ExtraTrees,model_group,raw,direct,sklearn.ensemble._forest,305,1.0271277507532708,2.4147030449303557,0.5781863277440094,24.691955734186724,44.25338557613611,1000,14,0.35533907710142754,1.9080512219100425,0.9055164888941162,3.7957614477413775,0.01021163884352639,0.8457732643075355,15.068266077233533,60.37620085887278,24.78409152629714,66.50879074597249
y_gpu_energy_per_token_joules__B4-Hardware__HistGradientBoosting__model_group__raw__direct,y_gpu_energy_per_token_joules,physics,B4-Hardware,HistGradientBoosting,model_group,raw,direct,sklearn.ensemble._hist_gradient_boosting.gradient_boosting,305,0.7517385516756413,2.226337714848102,0.6414289030403666,28.275092341345832,45.17767770630242,1000,14,0.2575140210620727,1.576952762139491,0.5033896988852732,3.870464594852993,0.5218936439229496,0.9327825355966399,20.730038366961843,42.519926366517026,34.58861113847116,55.82269364371176
y_gpu_energy_per_token_joules__B4-Hardware__RandomForest__model_group__raw__direct,y_gpu_energy_per_token_joules,physics,B4-Hardware,RandomForest,model_group,raw,direct,sklearn.ensemble._forest,305,1.1409100713760019,2.5809018261620067,0.5181230390191238,42.057104873631474,51.35743839296952,1000,14,0.4145933622396694,2.1130833764979027,0.9067767727687011,4.120762070382366,-0.18045516855165136,0.8423187544179104,20.317515496705404,97.15999242222742,29.99598177031448,77.70578282585547
y_gpu_energy_per_token_joules__B4-Hardware__Ridge__model_group__raw__direct,y_gpu_energy_per_token_joules,physics,B4-Hardware,Ridge,model_group,raw,direct,sklearn.linear_model._ridge,305,1.6272205459035245,2.9384955634370282,0.3753406116409461,127.82559728696529,97.07779460560613,1000,14,0.9749994018133709,2.417551958235264,1.4831712425567807,4.456106105002603,0.12674607085098466,0.41859441781394685,72.46784931389745,204.77303863673762,83.43455092733535,111.53332452209636
y_gpu_energy_per_token_joules__B4-Hardware__SmallMLP__model_group__raw__direct,y_gpu_energy_per_token_joules,physics,B4-Hardware,SmallMLP,model_group,raw,direct,sklearn.neural_network._multilayer_perceptron,305,3.955734730586252,11.641613624104878,-8.804366909521132,98.52534030166818,89.82283439652137,1000,14,1.3036786048689324,9.051246491870655,2.8190797074106264,20.49014018910392,-91.28693500710074,0.5184399633807851,53.06728330499942,179.6337995364256,69.63769428621127,111.2502404096335
y_gpu_energy_per_token_joules__B4-Hardware__SplineGAM__model_group__raw__direct,y_gpu_energy_per_token_joules,physics,B4-Hardware,SplineGAM,model_group,raw,direct,sklearn.linear_model._ridge,305,1.777038092257222,3.1405545271946154,0.28648046281690465,132.66095293595134,103.32782643492686,1000,14,1.1458878156906098,2.7361947030584597,1.6938779534154187,4.9078051135775045,-0.03834972869907571,0.3454050986387514,81.20189353633849,233.06531864697496,91.4286771939137,114.38406416987709
y_gpu_energy_per_token_joules__B4-Hardware__XGBoost__model_group__raw__direct,y_gpu_energy_per_token_joules,physics,B4-Hardware,XGBoost,model_group,raw,direct,xgboost.sklearn,305,0.6834391249120332,2.1485474174838295,0.6660487460428925,26.289564789589676,30.660569940617812,1000,14,0.21263694287447793,1.6253976377552155,0.4751260501449604,3.8300135401347615,0.5399825346681307,0.9268341221630834,16.62197630440738,35.2243692063582,22.492313403067417,40.28319787901897
y_gpu_energy_per_token_joules__B5-HardwarePhysics__CatBoost__model_group__raw__direct,y_gpu_energy_per_token_joules,physics,B5-HardwarePhysics,CatBoost,model_group,raw,direct,catboost.core,305,0.9870498111822423,2.4747422677386264,0.5569495878582464,35.66884736962654,44.64352523887834,1000,14,0.3451598086955488,1.9987143268761385,0.725957112400194,4.158670080466475,0.3948047045008052,0.8654278700128188,15.993354572132608,80.41390856102282,27.920085877641974,65.308108558835
y_gpu_energy_per_token_joules__B5-HardwarePhysics__DummyMean__model_group__raw__direct,y_gpu_energy_per_token_joules,physics,B5-HardwarePhysics,DummyMean,model_group,raw,direct,sklearn.dummy,305,2.2933420999356824,3.805024743748272,-0.047389373845585725,240.49504876251945,116.6259566422188,1000,14,1.6356454666852345,3.442432600804987,1.978683806561261,6.017588584075836,-0.6226985623224505,-0.0006138459202011766,83.62038572539538,556.7597873578173,97.56938957997009,135.75866431475538
y_gpu_energy_per_token_joules__B5-HardwarePhysics__ElasticNet__model_group__raw__direct,y_gpu_energy_per_token_joules,physics,B5-HardwarePhysics,ElasticNet,model_group,raw,direct,sklearn.linear_model._coordinate_descent,305,1.4822837607155754,2.9118132203658966,0.386633263665603,106.3898291277364,84.26025705781986,1000,14,0.8300688926514734,2.3966225168821147,1.3467555149136912,4.582738110003161,0.13308690330131545,0.46042352127393316,70.06321078298998,165.25434741287245,75.91719698005616,91.81200183129287
y_gpu_energy_per_token_joules__B5-HardwarePhysics__ExtraTrees__model_group__raw__direct,y_gpu_energy_per_token_joules,physics,B5-HardwarePhysics,ExtraTrees,model_group,raw,direct,sklearn.ensemble._forest,305,0.9393603328527428,2.3069076003567264,0.6150063267311043,22.173787274829238,40.346502666016114,1000,14,0.30149659476223534,1.8335292866200117,0.6942563227832979,3.935560753243453,0.1840865373148117,0.8945196921865308,14.989089823249069,46.38054969102285,22.20763743131976,63.008195020539404
y_gpu_energy_per_token_joules__B5-HardwarePhysics__HistGradientBoosting__model_group__raw__direct,y_gpu_energy_per_token_joules,physics,B5-HardwarePhysics,HistGradientBoosting,model_group,raw,direct,sklearn.ensemble._hist_gradient_boosting.gradient_boosting,305,0.7499049100531583,2.2259565717887173,0.6415516653557944,36.132909517263435,46.74396293257202,1000,14,0.27972549485264797,1.6426226956620757,0.5310117216825538,3.946614232468057,0.516212234602374,0.9314576570721597,22.51130695241741,45.36849203558797,37.769753723743904,55.70481717716491
y_gpu_energy_per_token_joules__B5-HardwarePhysics__RandomForest__model_group__raw__direct,y_gpu_energy_per_token_joules,physics,B5-HardwarePhysics,RandomForest,model_group,raw,direct,sklearn.ensemble._forest,305,1.119006247923608,2.5610395419164327,0.5255114238134657,39.67061048194041,53.29297275111288,1000,14,0.42842837186664245,2.058173308456293,0.8727589765705782,4.097687199332126,-0.14952532133889263,0.8680730789121622,22.509521193442012,116.066366392824,32.23876429744646,77.4861680221364
y_gpu_energy_per_token_joules__B5-HardwarePhysics__Ridge__model_group__raw__direct,y_gpu_energy_per_token_joules,physics,B5-HardwarePhysics,Ridge,model_group,raw,direct,sklearn.linear_model._ridge,305,1.4956001805523516,2.7999475963604534,0.4328564474018244,128.2438394672036,93.69368376941594,1000,14,0.8920487360812982,2.2194939229549,1.3934683906419112,4.298580207921109,0.24837512037959406,0.48114498986293375,78.00613610610495,179.87760110442815,81.95993731179904,106.84983340388145
y_gpu_energy_per_token_joules__B5-HardwarePhysics__SmallMLP__model_group__raw__direct,y_gpu_energy_per_token_joules,physics,B5-HardwarePhysics,SmallMLP,model_group,raw,direct,sklearn.neural_network._multilayer_perceptron,305,6.30583695275725,15.38897748434962,-16.132183656937816,106.97140527924228,103.1330892121617,1000,14,2.5044628512269735,11.240151557764378,4.604896458845912,23.49682768706785,-119.14778874446027,-0.1754302817257287,62.2344908919971,285.1157390511861,80.8471803640917,128.12336034712715
y_gpu_energy_per_token_joules__B5-HardwarePhysics__SplineGAM__model_group__raw__direct,y_gpu_energy_per_token_joules,physics,B5-HardwarePhysics,SplineGAM,model_group,raw,direct,sklearn.linear_model._ridge,305,1.6372644576263613,3.0425503823204774,0.3303178086773033,131.0769047207317,97.08688871225264,1000,14,1.0402352948255027,2.5860466925308714,1.5126171716933943,4.868066031018278,0.16191629699575802,0.3952946343519167,77.79567245178295,230.27245805685962,85.41521988940794,107.3105300684385
y_gpu_energy_per_token_joules__B5-HardwarePhysics__XGBoost__model_group__raw__direct,y_gpu_energy_per_token_joules,physics,B5-HardwarePhysics,XGBoost,model_group,raw,direct,xgboost.sklearn,305,0.719267867045043,2.3865721340531874,0.5879572056265046,23.696325441807055,29.689209783971478,1000,14,0.21586107617025982,1.7292911372434336,0.5048274881692327,4.278990857900588,0.4342964893294946,0.9224318736090075,17.043422488640136,31.898712078581546,22.35709708563653,39.90891209108126
