feature,outer_fold,grid_value,mean_prediction_watts,prediction_std_watts,n_background,fit_scope,grid_scope,backend_module
x_hardware_aggregate_rated_power_w,0,700.0,1522.095675029452,1236.0704772549561,63,outer_train_only,outer_train_quantiles_5_to_95,xgboost.sklearn
x_hardware_aggregate_rated_power_w,0,1000.0,1630.757316468254,1240.4773692388187,63,outer_train_only,outer_train_quantiles_5_to_95,xgboost.sklearn
x_hardware_aggregate_rated_power_w,0,1400.0,1630.757316468254,1240.4773692388187,63,outer_train_only,outer_train_quantiles_5_to_95,xgboost.sklearn
x_hardware_aggregate_rated_power_w,0,2490.000000000009,1630.757316468254,1240.4773692388187,63,outer_train_only,outer_train_quantiles_5_to_95,xgboost.sklearn
x_hardware_aggregate_rated_power_w,0,4000.0,2291.0154389880954,1484.3526906119564,63,outer_train_only,outer_train_quantiles_5_to_95,xgboost.sklearn
x_hardware_aggregate_rated_power_w,0,5600.0,2291.0154389880954,1484.3526906119564,63,outer_train_only,outer_train_quantiles_5_to_95,xgboost.sklearn
x_hardware_aggregate_rated_power_w,0,8000.0,3110.152626643105,1594.3779126563204,63,outer_train_only,outer_train_quantiles_5_to_95,xgboost.sklearn
x_hardware_num_gpus,0,1.0,1640.596707783048,1464.9588685187487,63,outer_train_only,outer_train_quantiles_5_to_95,xgboost.sklearn
x_hardware_num_gpus,0,2.0,1866.4876021127852,1500.6903559521193,63,outer_train_only,outer_train_quantiles_5_to_95,xgboost.sklearn
x_hardware_num_gpus,0,3.2250000000000227,1866.4876021127852,1500.6903559521193,63,outer_train_only,outer_train_quantiles_5_to_95,xgboost.sklearn
x_hardware_num_gpus,0,4.0,2290.876685732887,1608.137985878462,63,outer_train_only,outer_train_quantiles_5_to_95,xgboost.sklearn
x_hardware_num_gpus,0,8.0,2691.4609103732637,1764.2693939389665,63,outer_train_only,outer_train_quantiles_5_to_95,xgboost.sklearn
x_model_benchmark_total_params_billions,0,8.0,1609.151358468192,1304.2620742414326,63,outer_train_only,outer_train_quantiles_5_to_95,xgboost.sklearn
x_model_benchmark_total_params_billions,0,12.0,1610.7586330837673,1304.3545556543834,63,outer_train_only,outer_train_quantiles_5_to_95,xgboost.sklearn
x_model_benchmark_total_params_billions,0,14.0,1612.6036309136284,1305.1110803139672,63,outer_train_only,outer_train_quantiles_5_to_95,xgboost.sklearn
x_model_benchmark_total_params_billions,0,30.0,1612.6036309136284,1305.1110803139672,63,outer_train_only,outer_train_quantiles_5_to_95,xgboost.sklearn
x_model_benchmark_total_params_billions,0,235.0,2301.8592316158233,1321.6674093150034,63,outer_train_only,outer_train_quantiles_5_to_95,xgboost.sklearn
x_deployment_max_num_seqs,0,8.0,1805.002689422123,1791.6196158154992,63,outer_train_only,outer_train_quantiles_5_to_95,xgboost.sklearn
x_deployment_max_num_seqs,0,16.0,1936.567633734809,1956.2213743395155,63,outer_train_only,outer_train_quantiles_5_to_95,xgboost.sklearn
x_deployment_max_num_seqs,0,32.0,1989.3455035497273,1982.3494427318747,63,outer_train_only,outer_train_quantiles_5_to_95,xgboost.sklearn
x_deployment_max_num_seqs,0,64.0,2070.217953636533,2038.3908455864278,63,outer_train_only,outer_train_quantiles_5_to_95,xgboost.sklearn
x_deployment_max_num_seqs,0,128.0,2139.4917592850943,2078.724112885805,63,outer_train_only,outer_train_quantiles_5_to_95,xgboost.sklearn
x_deployment_max_num_seqs,0,238.39999999999964,2170.9935205853176,2060.4883064326996,63,outer_train_only,outer_train_quantiles_5_to_95,xgboost.sklearn
x_deployment_max_num_seqs,0,512.0,2218.429183717758,2070.9681472139446,63,outer_train_only,outer_train_quantiles_5_to_95,xgboost.sklearn
x_deployment_max_num_seqs,0,1024.0,2192.5292164636035,2029.2010375096993,63,outer_train_only,outer_train_quantiles_5_to_95,xgboost.sklearn
x_deployment_expert_parallel,0,1.0,1964.8790447901165,1882.8917501090755,63,outer_train_only,outer_train_quantiles_5_to_95,xgboost.sklearn
x_deployment_expert_parallel,0,2.0,2080.4238872225324,1911.0145704247273,63,outer_train_only,outer_train_quantiles_5_to_95,xgboost.sklearn
x_deployment_expert_parallel,0,3.2250000000000227,2080.4238872225324,1911.0145704247273,63,outer_train_only,outer_train_quantiles_5_to_95,xgboost.sklearn
x_deployment_expert_parallel,0,4.0,2084.3922128828744,1914.2260564031137,63,outer_train_only,outer_train_quantiles_5_to_95,xgboost.sklearn
x_deployment_expert_parallel,0,8.0,2218.303017268105,1958.3057648452964,63,outer_train_only,outer_train_quantiles_5_to_95,xgboost.sklearn
x_hardware_aggregate_rated_power_w,1,700.0,1159.3992378666717,654.0994207017992,53,outer_train_only,outer_train_quantiles_5_to_95,xgboost.sklearn
x_hardware_aggregate_rated_power_w,1,1000.0,1216.377519715507,653.3080445253399,53,outer_train_only,outer_train_quantiles_5_to_95,xgboost.sklearn
x_hardware_aggregate_rated_power_w,1,1400.0,1378.560580271595,673.991234610961,53,outer_train_only,outer_train_quantiles_5_to_95,xgboost.sklearn
x_hardware_aggregate_rated_power_w,1,1842.5000000000068,1378.560580271595,673.991234610961,53,outer_train_only,outer_train_quantiles_5_to_95,xgboost.sklearn
x_hardware_aggregate_rated_power_w,1,4000.0,2072.9500237230986,878.0341320830303,53,outer_train_only,outer_train_quantiles_5_to_95,xgboost.sklearn
x_hardware_aggregate_rated_power_w,1,5600.0,2130.8479026938385,889.6055618493779,53,outer_train_only,outer_train_quantiles_5_to_95,xgboost.sklearn
x_hardware_aggregate_rated_power_w,1,8000.0,2973.0191972840507,906.3244189784788,53,outer_train_only,outer_train_quantiles_5_to_95,xgboost.sklearn
x_hardware_num_gpus,1,1.0,1057.520677098688,502.3567884890871,53,outer_train_only,outer_train_quantiles_5_to_95,xgboost.sklearn
x_hardware_num_gpus,1,2.0,1441.1644402270047,720.7343768356629,53,outer_train_only,outer_train_quantiles_5_to_95,xgboost.sklearn
x_hardware_num_gpus,1,4.0,1872.5044060473172,813.2898667830477,53,outer_train_only,outer_train_quantiles_5_to_95,xgboost.sklearn
x_hardware_num_gpus,1,8.0,2379.1758779849647,912.1382468248356,53,outer_train_only,outer_train_quantiles_5_to_95,xgboost.sklearn
x_model_benchmark_total_params_billions,1,8.0,1307.4728215055645,816.5329121006696,53,outer_train_only,outer_train_quantiles_5_to_95,xgboost.sklearn
x_model_benchmark_total_params_billions,1,12.0,1307.8736716216465,816.4826023819645,53,outer_train_only,outer_train_quantiles_5_to_95,xgboost.sklearn
x_model_benchmark_total_params_billions,1,27.0,1309.4192556705116,815.2398600366708,53,outer_train_only,outer_train_quantiles_5_to_95,xgboost.sklearn
x_model_benchmark_total_params_billions,1,30.0,1311.3160884065448,814.8989090383906,53,outer_train_only,outer_train_quantiles_5_to_95,xgboost.sklearn
x_model_benchmark_total_params_billions,1,32.0,1311.3155471513855,814.8992117719737,53,outer_train_only,outer_train_quantiles_5_to_95,xgboost.sklearn
x_model_benchmark_total_params_billions,1,181.7125000000023,1311.3155471513855,814.8992117719737,53,outer_train_only,outer_train_quantiles_5_to_95,xgboost.sklearn
x_model_benchmark_total_params_billions,1,235.0,1959.3064160616893,924.0464505931933,53,outer_train_only,outer_train_quantiles_5_to_95,xgboost.sklearn
x_model_benchmark_total_params_billions,1,480.0,2265.8070828419814,993.5285214058341,53,outer_train_only,outer_train_quantiles_5_to_95,xgboost.sklearn
x_deployment_max_num_seqs,1,8.0,1438.7746282613502,1037.4880616755124,53,outer_train_only,outer_train_quantiles_5_to_95,xgboost.sklearn
x_deployment_max_num_seqs,1,16.0,1519.722552605395,1110.2563975280837,53,outer_train_only,outer_train_quantiles_5_to_95,xgboost.sklearn
x_deployment_max_num_seqs,1,32.0,1586.1171391325177,1151.7724965260795,53,outer_train_only,outer_train_quantiles_5_to_95,xgboost.sklearn
x_deployment_max_num_seqs,1,64.0,1644.6956245854217,1172.7070732748605,53,outer_train_only,outer_train_quantiles_5_to_95,xgboost.sklearn
x_deployment_max_num_seqs,1,128.0,1724.1709295308815,1222.6888833467506,53,outer_train_only,outer_train_quantiles_5_to_95,xgboost.sklearn
x_deployment_max_num_seqs,1,192.0,1732.6979945920548,1231.7989958566886,53,outer_train_only,outer_train_quantiles_5_to_95,xgboost.sklearn
x_deployment_max_num_seqs,1,384.0,1738.5533930940448,1224.9959620184072,53,outer_train_only,outer_train_quantiles_5_to_95,xgboost.sklearn
x_deployment_max_num_seqs,1,1024.0,1743.110844450177,1211.3862812831687,53,outer_train_only,outer_train_quantiles_5_to_95,xgboost.sklearn
x_deployment_expert_parallel,1,1.0,1612.2062919184846,1112.697073126704,53,outer_train_only,outer_train_quantiles_5_to_95,xgboost.sklearn
x_deployment_expert_parallel,1,2.0,1612.2062919184846,1112.697073126704,53,outer_train_only,outer_train_quantiles_5_to_95,xgboost.sklearn
x_deployment_expert_parallel,1,4.0,1611.442676472214,1112.0493065359287,53,outer_train_only,outer_train_quantiles_5_to_95,xgboost.sklearn
x_deployment_expert_parallel,1,8.0,1709.7573426444576,1156.3309061728132,53,outer_train_only,outer_train_quantiles_5_to_95,xgboost.sklearn
x_hardware_aggregate_rated_power_w,2,700.0,624.8257760854867,109.5399165384028,65,outer_train_only,outer_train_quantiles_5_to_95,xgboost.sklearn
x_hardware_aggregate_rated_power_w,2,1000.0,748.359821495643,160.28379843568706,65,outer_train_only,outer_train_quantiles_5_to_95,xgboost.sklearn
x_hardware_aggregate_rated_power_w,2,1400.0,761.3660029484676,160.36793489466555,65,outer_train_only,outer_train_quantiles_5_to_95,xgboost.sklearn
x_hardware_aggregate_rated_power_w,2,1699.9999999999914,761.3660029484676,160.36793489466555,65,outer_train_only,outer_train_quantiles_5_to_95,xgboost.sklearn
x_hardware_aggregate_rated_power_w,2,4000.0,1401.4623197115384,175.51631250906158,65,outer_train_only,outer_train_quantiles_5_to_95,xgboost.sklearn
x_hardware_aggregate_rated_power_w,2,5600.0,1401.4623197115384,175.51631250906158,65,outer_train_only,outer_train_quantiles_5_to_95,xgboost.sklearn
x_hardware_aggregate_rated_power_w,2,8000.0,2119.5262019230768,274.4227031809362,65,outer_train_only,outer_train_quantiles_5_to_95,xgboost.sklearn
x_hardware_num_gpus,2,1.0,681.089939058744,149.0704374515801,65,outer_train_only,outer_train_quantiles_5_to_95,xgboost.sklearn
x_hardware_num_gpus,2,2.0,806.7081758939303,152.71360520446095,65,outer_train_only,outer_train_quantiles_5_to_95,xgboost.sklearn
x_hardware_num_gpus,2,4.0,1097.773981182392,175.67662313595173,65,outer_train_only,outer_train_quantiles_5_to_95,xgboost.sklearn
x_hardware_num_gpus,2,8.0,1250.6192016601562,211.50080168179775,65,outer_train_only,outer_train_quantiles_5_to_95,xgboost.sklearn
x_model_benchmark_total_params_billions,2,8.0,675.4256244365986,157.6121490514521,65,outer_train_only,outer_train_quantiles_5_to_95,xgboost.sklearn
x_model_benchmark_total_params_billions,2,12.0,717.3700030987079,174.70801902608218,65,outer_train_only,outer_train_quantiles_5_to_95,xgboost.sklearn
x_model_benchmark_total_params_billions,2,30.0,716.1711369441106,174.87359840983083,65,outer_train_only,outer_train_quantiles_5_to_95,xgboost.sklearn
x_model_benchmark_total_params_billions,2,32.0,727.8750230055589,173.40142872440777,65,outer_train_only,outer_train_quantiles_5_to_95,xgboost.sklearn
x_model_benchmark_total_params_billions,2,133.4999999999971,727.8750230055589,173.40142872440777,65,outer_train_only,outer_train_quantiles_5_to_95,xgboost.sklearn
x_model_benchmark_total_params_billions,2,235.0,1432.7222994290864,157.38007393301336,65,outer_train_only,outer_train_quantiles_5_to_95,xgboost.sklearn
x_model_benchmark_total_params_billions,2,480.0,1645.4236384465144,174.229557613684,65,outer_train_only,outer_train_quantiles_5_to_95,xgboost.sklearn
x_deployment_max_num_seqs,2,8.0,591.814694918119,110.77443691494163,65,outer_train_only,outer_train_quantiles_5_to_95,xgboost.sklearn
x_deployment_max_num_seqs,2,16.0,623.544882436899,113.32791425843958,65,outer_train_only,outer_train_quantiles_5_to_95,xgboost.sklearn
x_deployment_max_num_seqs,2,27.59999999999991,623.544882436899,113.32791425843958,65,outer_train_only,outer_train_quantiles_5_to_95,xgboost.sklearn
x_deployment_max_num_seqs,2,32.0,655.9306293194111,115.19627516416041,65,outer_train_only,outer_train_quantiles_5_to_95,xgboost.sklearn
x_deployment_max_num_seqs,2,64.0,713.9843393179086,119.95574418704575,65,outer_train_only,outer_train_quantiles_5_to_95,xgboost.sklearn
x_deployment_max_num_seqs,2,128.0,788.0643526517428,130.3773652535267,65,outer_train_only,outer_train_quantiles_5_to_95,xgboost.sklearn
x_deployment_max_num_seqs,2,192.0,822.7064856896034,129.8062680953871,65,outer_train_only,outer_train_quantiles_5_to_95,xgboost.sklearn
x_deployment_max_num_seqs,2,384.0,841.9594031700722,131.29934401220962,65,outer_train_only,outer_train_quantiles_5_to_95,xgboost.sklearn
x_deployment_max_num_seqs,2,1024.0,812.0317504882812,140.514298496344,65,outer_train_only,outer_train_quantiles_5_to_95,xgboost.sklearn
x_deployment_expert_parallel,2,1.0,716.5646197979266,174.60181580027447,65,outer_train_only,outer_train_quantiles_5_to_95,xgboost.sklearn
x_deployment_expert_parallel,2,2.0,716.9912447415866,174.44594651091194,65,outer_train_only,outer_train_quantiles_5_to_95,xgboost.sklearn
x_deployment_expert_parallel,2,4.0,721.654717548077,177.1494686993717,65,outer_train_only,outer_train_quantiles_5_to_95,xgboost.sklearn
x_deployment_expert_parallel,2,8.0,761.6343815730169,186.6469806961435,65,outer_train_only,outer_train_quantiles_5_to_95,xgboost.sklearn
x_hardware_aggregate_rated_power_w,3,700.0,1888.2952683971773,743.0169225779711,62,outer_train_only,outer_train_quantiles_5_to_95,xgboost.sklearn
x_hardware_aggregate_rated_power_w,3,1000.0,2010.0468474357358,731.2743411219084,62,outer_train_only,outer_train_quantiles_5_to_95,xgboost.sklearn
x_hardware_aggregate_rated_power_w,3,1399.9999999999943,2210.9814846900204,814.2188125965647,62,outer_train_only,outer_train_quantiles_5_to_95,xgboost.sklearn
x_hardware_aggregate_rated_power_w,3,1400.0,2210.9814846900204,814.2188125965647,62,outer_train_only,outer_train_quantiles_5_to_95,xgboost.sklearn
x_hardware_aggregate_rated_power_w,3,2000.0,2261.3530352192543,838.7125492804868,62,outer_train_only,outer_train_quantiles_5_to_95,xgboost.sklearn
x_hardware_aggregate_rated_power_w,3,4000.0,3155.6578034431705,1035.362829431767,62,outer_train_only,outer_train_quantiles_5_to_95,xgboost.sklearn
x_hardware_aggregate_rated_power_w,3,8000.0,4256.238651398689,1042.7496546762961,62,outer_train_only,outer_train_quantiles_5_to_95,xgboost.sklearn
x_hardware_num_gpus,3,1.0,2103.642283778037,939.7043823063833,62,outer_train_only,outer_train_quantiles_5_to_95,xgboost.sklearn
x_hardware_num_gpus,3,1.9999999999999858,2647.682698895854,1076.2644047965846,62,outer_train_only,outer_train_quantiles_5_to_95,xgboost.sklearn
x_hardware_num_gpus,3,2.0,2647.682698895854,1076.2644047965846,62,outer_train_only,outer_train_quantiles_5_to_95,xgboost.sklearn
x_hardware_num_gpus,3,4.0,3120.3204070060483,1111.2455996655453,62,outer_train_only,outer_train_quantiles_5_to_95,xgboost.sklearn
x_hardware_num_gpus,3,8.0,3882.754101168725,1235.1946340247805,62,outer_train_only,outer_train_quantiles_5_to_95,xgboost.sklearn
x_model_benchmark_total_params_billions,3,8.0,2800.192165251701,1424.9139605717894,62,outer_train_only,outer_train_quantiles_5_to_95,xgboost.sklearn
x_model_benchmark_total_params_billions,3,14.0,2803.255552230343,1424.6109601397854,62,outer_train_only,outer_train_quantiles_5_to_95,xgboost.sklearn
x_model_benchmark_total_params_billions,3,27.0,2801.637043122322,1421.4054074227731,62,outer_train_only,outer_train_quantiles_5_to_95,xgboost.sklearn
x_model_benchmark_total_params_billions,3,30.0,2800.527655324628,1420.4042661830456,62,outer_train_only,outer_train_quantiles_5_to_95,xgboost.sklearn
x_model_benchmark_total_params_billions,3,32.0,2864.260992234753,1442.6101670927408,62,outer_train_only,outer_train_quantiles_5_to_95,xgboost.sklearn
x_model_benchmark_total_params_billions,3,235.0,3386.6915322580644,1606.2970118134976,62,outer_train_only,outer_train_quantiles_5_to_95,xgboost.sklearn
x_model_benchmark_total_params_billions,3,480.0,3794.36620601531,1715.3853109838544,62,outer_train_only,outer_train_quantiles_5_to_95,xgboost.sklearn
x_deployment_max_num_seqs,3,8.0,3039.204390987273,1423.1923093883686,62,outer_train_only,outer_train_quantiles_5_to_95,xgboost.sklearn
x_deployment_max_num_seqs,3,16.0,3176.2001391995336,1519.7744213894716,62,outer_train_only,outer_train_quantiles_5_to_95,xgboost.sklearn
x_deployment_max_num_seqs,3,32.0,3314.9686141475554,1602.8478467249397,62,outer_train_only,outer_train_quantiles_5_to_95,xgboost.sklearn
x_deployment_max_num_seqs,3,64.0,3348.608868998866,1606.1423369179047,62,outer_train_only,outer_train_quantiles_5_to_95,xgboost.sklearn
x_deployment_max_num_seqs,3,96.0,3365.5226469962827,1583.5430082928085,62,outer_train_only,outer_train_quantiles_5_to_95,xgboost.sklearn
x_deployment_max_num_seqs,3,192.0,3434.9119341450355,1598.0892753417731,62,outer_train_only,outer_train_quantiles_5_to_95,xgboost.sklearn
x_deployment_max_num_seqs,3,256.0,3438.158983784337,1589.8539441535572,62,outer_train_only,outer_train_quantiles_5_to_95,xgboost.sklearn
x_deployment_max_num_seqs,3,998.3999999999942,3438.2328717631676,1574.0173793844226,62,outer_train_only,outer_train_quantiles_5_to_95,xgboost.sklearn
x_deployment_expert_parallel,3,1.0,3239.5174393192415,1577.3360811592263,62,outer_train_only,outer_train_quantiles_5_to_95,xgboost.sklearn
x_deployment_expert_parallel,3,2.0,3298.1610437208606,1603.2632908610126,62,outer_train_only,outer_train_quantiles_5_to_95,xgboost.sklearn
x_deployment_expert_parallel,3,4.0,3296.80444089828,1602.493454586624,62,outer_train_only,outer_train_quantiles_5_to_95,xgboost.sklearn
x_deployment_expert_parallel,3,8.0,3422.5790316674015,1625.064320101197,62,outer_train_only,outer_train_quantiles_5_to_95,xgboost.sklearn
x_hardware_aggregate_rated_power_w,4,700.0,1555.7184256276776,1033.3305716565933,62,outer_train_only,outer_train_quantiles_5_to_95,xgboost.sklearn
x_hardware_aggregate_rated_power_w,4,1000.0,1691.5982828447895,1095.376862955303,62,outer_train_only,outer_train_quantiles_5_to_95,xgboost.sklearn
x_hardware_aggregate_rated_power_w,4,1400.0,1715.6638793945312,1079.8598995100501,62,outer_train_only,outer_train_quantiles_5_to_95,xgboost.sklearn
x_hardware_aggregate_rated_power_w,4,4000.0,2563.5474410518523,1268.1362891661781,62,outer_train_only,outer_train_quantiles_5_to_95,xgboost.sklearn
x_hardware_aggregate_rated_power_w,4,5600.0,2563.5474410518523,1268.1362891661781,62,outer_train_only,outer_train_quantiles_5_to_95,xgboost.sklearn
x_hardware_aggregate_rated_power_w,4,8000.0,3121.4044799804688,1364.5138988192332,62,outer_train_only,outer_train_quantiles_5_to_95,xgboost.sklearn
x_hardware_num_gpus,4,1.0,1537.8880004882812,1016.8359046473096,62,outer_train_only,outer_train_quantiles_5_to_95,xgboost.sklearn
x_hardware_num_gpus,4,2.0,1760.3814795709425,1113.253768117288,62,outer_train_only,outer_train_quantiles_5_to_95,xgboost.sklearn
x_hardware_num_gpus,4,4.0,2190.9796447753906,1178.2286576731483,62,outer_train_only,outer_train_quantiles_5_to_95,xgboost.sklearn
x_hardware_num_gpus,4,8.0,2790.3732181672126,1403.3350615783693,62,outer_train_only,outer_train_quantiles_5_to_95,xgboost.sklearn
x_model_benchmark_total_params_billions,4,12.200000000000003,1782.2169583228326,1445.2025059038658,62,outer_train_only,outer_train_quantiles_5_to_95,xgboost.sklearn
x_model_benchmark_total_params_billions,4,27.0,1781.2079708960748,1444.8082927863354,62,outer_train_only,outer_train_quantiles_5_to_95,xgboost.sklearn
x_model_benchmark_total_params_billions,4,30.0,1787.4893149099041,1446.5499659529921,62,outer_train_only,outer_train_quantiles_5_to_95,xgboost.sklearn
x_model_benchmark_total_params_billions,4,32.0,1796.4030387632308,1443.0614133630047,62,outer_train_only,outer_train_quantiles_5_to_95,xgboost.sklearn
x_model_benchmark_total_params_billions,4,235.0,2535.3933833952874,1416.0095288479667,62,outer_train_only,outer_train_quantiles_5_to_95,xgboost.sklearn
x_model_benchmark_total_params_billions,4,480.0,2674.107662077873,1419.6212114115535,62,outer_train_only,outer_train_quantiles_5_to_95,xgboost.sklearn
x_deployment_max_num_seqs,4,8.0,1903.8572884836506,1538.785968898688,62,outer_train_only,outer_train_quantiles_5_to_95,xgboost.sklearn
x_deployment_max_num_seqs,4,16.0,2039.4612520279422,1688.774177827245,62,outer_train_only,outer_train_quantiles_5_to_95,xgboost.sklearn
x_deployment_max_num_seqs,4,32.0,2125.425635553175,1764.5376818772456,62,outer_train_only,outer_train_quantiles_5_to_95,xgboost.sklearn
x_deployment_max_num_seqs,4,64.0,2195.2796965568295,1803.3904023105522,62,outer_train_only,outer_train_quantiles_5_to_95,xgboost.sklearn
x_deployment_max_num_seqs,4,128.0,2273.0359812090473,1834.423630514003,62,outer_train_only,outer_train_quantiles_5_to_95,xgboost.sklearn
x_deployment_max_num_seqs,4,192.0,2309.5790602161037,1824.9539953700548,62,outer_train_only,outer_train_quantiles_5_to_95,xgboost.sklearn
x_deployment_max_num_seqs,4,384.0,2309.9310814642135,1804.2444736429193,62,outer_train_only,outer_train_quantiles_5_to_95,xgboost.sklearn
x_deployment_max_num_seqs,4,1024.0,2276.2513595088835,1767.8390999274088,62,outer_train_only,outer_train_quantiles_5_to_95,xgboost.sklearn
x_deployment_expert_parallel,4,1.0,2130.5375897807457,1710.7589606579174,62,outer_train_only,outer_train_quantiles_5_to_95,xgboost.sklearn
x_deployment_expert_parallel,4,2.0,2172.7638013285973,1735.254095355634,62,outer_train_only,outer_train_quantiles_5_to_95,xgboost.sklearn
x_deployment_expert_parallel,4,4.0,2175.5341408021986,1735.3786061380642,62,outer_train_only,outer_train_quantiles_5_to_95,xgboost.sklearn
x_deployment_expert_parallel,4,8.0,2244.815671859249,1746.0754410242173,62,outer_train_only,outer_train_quantiles_5_to_95,xgboost.sklearn
