diagnostic_path,source_bundle,feature,n,pearson_r,pearson_p_value,spearman_rho,spearman_p_value
B2b residual -> B3,B2b-Effective,x_physics_prefill_projection_flop_per_request,305,0.5666057467985921,2.6841824444476176e-27,0.3268156673996205,5.052125596652905e-09
B2b residual -> B3,B2b-Effective,x_physics_prefill_attention_flop_per_request,305,0.38584896873123714,2.8860279258100994e-12,0.2677880279916606,2.090789076839185e-06
B2b residual -> B3,B2b-Effective,x_physics_prefill_mlp_flop_per_request,305,0.5277030650941616,2.886348460390959e-23,0.3465628607649425,4.925139392718383e-10
B2b residual -> B3,B2b-Effective,x_physics_prefill_total_flop_per_request,305,0.5385896687151216,2.4239214014074117e-24,0.3344362942525212,2.097704441024114e-09
B2b residual -> B3,B2b-Effective,x_physics_prefill_total_flop_per_input_token,305,0.4084976548916238,1.0734663525125385e-13,0.3702481790412992,2.4158807201636512e-11
B2b residual -> B3,B2b-Effective,x_physics_kv_cache_prefill_mean_request_bytes,305,0.38884457783161513,1.894228041951571e-12,0.3357765071907079,1.792759708530608e-09
B2b residual -> B3,B2b-Effective,x_physics_kv_cache_prefill_max_request_bytes,305,-0.04018278639045139,0.4844500970946598,0.021746028878812437,0.7052349365655612
B2b residual -> B3,B2b-Effective,x_physics_weight_bytes_per_gpu_ideal,305,0.3362928422143851,1.6871396880897756e-09,0.24905420395638744,1.0763821979598776e-05
B2b residual -> B3,B2b-Effective,x_physics_decode_one_token_flop_per_request_mean,305,0.4299441367401243,3.747210093896049e-15,0.40909138646113297,9.813709663124504e-14
B2b residual -> B3,B2b-Effective,x_physics_decode_one_token_flop_per_request_p90,305,0.4240841250913339,9.59812041100923e-15,0.40909138646113297,9.813709663124504e-14
B2b residual -> B3,B2b-Effective,x_physics_decode_one_token_flop_per_request_p95,305,0.41659942419713974,3.108235075354385e-14,0.3702481790412992,2.4158807201636512e-11
B2b residual -> B3,B2b-Effective,x_physics_decode_one_token_flop_per_request_max,305,0.3609847225760462,8.092017512908826e-11,0.3113647262998088,2.7905628925854133e-08
B3 residual -> B5,B3-Physics,x_hardware_peak_compute_bf16_dense_tflops,305,0.37697603636915666,9.798369003382193e-12,0.26543612393553623,2.5862706637344416e-06
B3 residual -> B5,B3-Physics,x_hardware_peak_compute_fp8_dense_tflops,305,0.37697603636915666,9.798369003382193e-12,0.26543612393553623,2.5862706637344416e-06
B3 residual -> B5,B3-Physics,x_hardware_precision_matched_peak_compute_tflops,305,0.35597930676845757,1.5303206013129943e-10,0.2632556928563514,3.1442869536724494e-06
B3 residual -> B5,B3-Physics,x_hardware_hbm_bandwidth_gbps,305,0.37697603636915666,9.798369003382193e-12,0.26543612393553623,2.5862706637344416e-06
B3 residual -> B5,B3-Physics,x_hardware_hbm_capacity_gb,305,0.3769760363691566,9.798369003382193e-12,0.26543612393553623,2.5862706637344416e-06
B3 residual -> B5,B3-Physics,x_hardware_rated_power_w,305,0.37697603636915666,9.798369003382193e-12,0.26543612393553623,2.5862706637344416e-06
B3 residual -> B5,B3-Physics,x_hardware_interconnect_bandwidth_gbps,305,0.37697603636915666,9.798369003382193e-12,0.26543612393553623,2.5862706637344416e-06
B3 residual -> B5,B3-Physics,x_hardware_aggregate_rated_power_w,305,0.6899432217399026,1.97908772192146e-44,0.35194325788545516,2.537585266383797e-10
B3 residual -> B5,B3-Physics,x_hardware_physics_compute_time_proxy_seconds,305,-0.017753335594514735,0.7574737278784622,0.009251701982525312,0.8721611103959445
B3 residual -> B5,B3-Physics,x_hardware_physics_memory_time_proxy_seconds,305,0.22127246022570327,9.743086774509009e-05,0.046606543484426124,0.41733870379562493
B3 residual -> B5,B3-Physics,x_hardware_physics_weight_capacity_ratio,305,0.23254229597704035,4.116237692480914e-05,0.04868073268168042,0.3968926009430855
B3 residual -> B5,B3-Physics,x_hardware_physics_kv_capacity_ratio_mean,305,-0.08826887467103241,0.1239939189279667,-0.07557427892237364,0.1880694210577955
B3 residual -> B5,B3-Physics,x_hardware_physics_kv_capacity_ratio_max,305,-0.2086841065865834,0.0002425182716787674,-0.24072668634739808,2.142447586223455e-05
B3 residual -> B5,B3-Physics,x_hardware_physics_compute_to_memory_pressure_ratio,305,-0.2336584199755753,3.770661441694599e-05,-0.026238968786990145,0.6480729684960064
