,x_model_benchmark_total_params_billions,x_model_benchmark_activated_params_billions,x_workload_effective_input_tokens_mean,x_workload_effective_input_tokens_p95,x_physics_prefill_projection_flop_per_request,x_physics_prefill_attention_flop_per_request,x_physics_prefill_mlp_flop_per_request,x_physics_prefill_total_flop_per_request,x_physics_prefill_total_flop_per_input_token,x_physics_kv_cache_prefill_mean_request_bytes,x_physics_kv_cache_prefill_max_request_bytes,x_physics_weight_bytes_per_gpu_ideal,x_physics_decode_one_token_flop_per_request_mean,x_physics_decode_one_token_flop_per_request_p90,x_physics_decode_one_token_flop_per_request_p95,x_physics_decode_one_token_flop_per_request_max,x_hardware_peak_compute_bf16_dense_tflops,x_hardware_peak_compute_fp8_dense_tflops,x_hardware_precision_matched_peak_compute_tflops,x_hardware_hbm_bandwidth_gbps,x_hardware_hbm_capacity_gb,x_hardware_rated_power_w,x_hardware_interconnect_bandwidth_gbps,x_hardware_aggregate_rated_power_w,x_hardware_physics_compute_time_proxy_seconds,x_hardware_physics_memory_time_proxy_seconds,x_hardware_physics_weight_capacity_ratio,x_hardware_physics_kv_capacity_ratio_mean,x_hardware_physics_kv_capacity_ratio_max,x_hardware_physics_compute_to_memory_pressure_ratio
x_model_benchmark_total_params_billions,1.0,0.624699721972019,0.3027504262407867,-0.05230133502471217,0.8334517269669062,0.7048728762033939,0.6709166411839832,0.735332001129377,0.6407114193714057,0.383512351292758,-0.1339903758126394,0.7139853845665272,0.6424064575946877,0.6530347935337226,0.6539856715170712,0.6501819988250244,0.3000747443590005,0.3000747443590005,0.6082924102182689,0.30007474435899995,0.30007474435900044,0.3000747443590001,0.30007474435900067,0.861117318481168,-0.04525820482507364,0.6867262872354025,0.692718755053511,-0.15681635630210075,-0.37126673053664516,-0.5213351336838705
x_model_benchmark_activated_params_billions,0.624699721972019,1.0,0.07541365801757624,0.01940128675561541,0.6980698635462503,0.5743445448991982,0.7869128196970178,0.762650956533686,0.9944468438164835,0.545715171754807,0.35580964522651404,0.47343251274123777,0.9990129254987066,0.9955657873228401,0.992112327778758,0.9570325898379173,0.21827447973699823,0.21827447973699823,0.39451893166779733,0.21827447973699782,0.21827447973699798,0.21827447973699793,0.21827447973699815,0.5292790375744446,0.4673989527795441,0.4508863277753319,0.4549340369748265,0.15833117275460407,0.09806866922000149,0.10532504425394851
x_workload_effective_input_tokens_mean,0.3027504262407867,0.07541365801757624,1.0,0.6284123102254989,0.5988777685662183,0.6145572142371358,0.5620705670401746,0.59088381195353,0.10890259311836285,0.6583078960161197,0.12149218721721121,0.4667286376825716,0.1069191118827781,0.12847060510259461,0.13352167893085937,0.1102380506876433,0.04753298453202114,0.04753298453202114,0.10363056402742271,0.04753298453202007,0.047532984532020164,0.04753298453201917,0.0475329845320191,0.15919287200100782,0.33578457882574186,0.4771418613541637,0.47758293901475973,0.39456131980911713,0.07109743383685961,0.060682109119372975
x_workload_effective_input_tokens_p95,-0.05230133502471217,0.01940128675561541,0.6284123102254989,1.0,0.2712607728853619,0.5567956052028451,0.34202418501313764,0.3505340449815454,0.08479654365652071,0.5388234624517787,0.5827725478796731,0.056661827950116476,0.03419490993020353,0.07906227483071426,0.10190574903628384,0.17330485738159032,-0.09105522425008061,-0.09105522425008061,-0.14753587637672433,-0.09105522425008136,-0.0910552242500813,-0.09105522425008296,-0.09105522425008306,-0.08206781001867884,0.41222292099034846,0.08635728606750623,0.08306575165344832,0.4371223788988185,0.41999355143677425,0.44104775957715375
x_physics_prefill_projection_flop_per_request,0.8334517269669062,0.6980698635462503,0.5988777685662183,0.2712607728853619,1.0,0.857833732311739,0.9487195921992189,0.9780674052510155,0.7168358355194935,0.7277856748604902,0.13511354239090775,0.7909637457389787,0.7212943345576803,0.7347186938531037,0.7354024754976182,0.6970485883279476,0.26649521838159035,0.26649521838159035,0.47903715452405166,0.26649521838158935,0.2664952183815897,0.2664952183815891,0.26649521838158935,0.6368688708783741,0.364308679926922,0.7621695506733616,0.7681524282248867,0.19716350362809917,-0.07070599376499921,-0.12654918023189266
x_physics_prefill_attention_flop_per_request,0.7048728762033939,0.5743445448991982,0.6145572142371358,0.5567956052028451,0.857833732311739,1.0,0.7957182388857265,0.8510680507137033,0.6414902721468645,0.6213758021625351,0.2500950175282768,0.5812869447635323,0.6014308787041938,0.6445355515085783,0.6634261796552606,0.7173352225995463,0.15550482294980522,0.15550482294980522,0.32679284001778364,0.15550482294980447,0.1555048229498047,0.15550482294980336,0.15550482294980403,0.5785648321949011,0.2826855603623803,0.5875371454362835,0.5892861382431298,0.10715238428249195,-0.07687985485052114,-0.12974386104241967
x_physics_prefill_mlp_flop_per_request,0.6709166411839832,0.7869128196970178,0.5620705670401746,0.34202418501313764,0.9487195921992189,0.7957182388857265,1.0,0.9921019272243069,0.7962717961842638,0.8311353071454247,0.34900221983896906,0.7081560187036952,0.8038399952876084,0.8116982569187381,0.8102197407613558,0.7550440760305395,0.22765640244066412,0.22765640244066412,0.38544058093588973,0.22765640244066312,0.2276564024406635,0.22765640244066293,0.22765640244066288,0.4839025900330792,0.5865020622599985,0.6821139691539274,0.6872258246431401,0.37012104339305374,0.15160550802972925,0.14051393927200503
x_physics_prefill_total_flop_per_request,0.735332001129377,0.762650956533686,0.59088381195353,0.3505340449815454,0.9780674052510155,0.8510680507137033,0.9921019272243069,1.0,0.780078505277291,0.8042327228607964,0.28981740244274967,0.7369515743297151,0.7826525747547812,0.795438207363743,0.7963680930215123,0.7543621346522503,0.2374259019964956,0.2374259019964956,0.415408853313084,0.2374259019964946,0.23742590199649496,0.23742590199649424,0.2374259019964944,0.5465679802583678,0.5123021839544084,0.7124405529779043,0.7176131848918627,0.30781826302467524,0.07344530073420032,0.0459729887450854
x_physics_prefill_total_flop_per_input_token,0.6407114193714057,0.9944468438164835,0.10890259311836285,0.08479654365652071,0.7168358355194935,0.6414902721468645,0.7962717961842638,0.780078505277291,1.0,0.5475648726249605,0.36546373685515693,0.47406275926477415,0.996135117098069,0.9993499211532008,0.9995425876741456,0.981119008915531,0.20936707678518282,0.20936707678518282,0.38798948298759356,0.20936707678518235,0.2093670767851826,0.20936707678518246,0.20936707678518274,0.5484114985380298,0.4580501155344268,0.4574579896562698,0.46095151171914195,0.13800590905679827,0.0785882599248206,0.08326727187887653
x_physics_kv_cache_prefill_mean_request_bytes,0.383512351292758,0.545715171754807,0.6583078960161197,0.5388234624517787,0.7277856748604902,0.6213758021625351,0.8311353071454247,0.8042327228607964,0.5475648726249605,1.0,0.6806417915207426,0.5104408475703546,0.554145815438372,0.5618634580770581,0.5609813961988447,0.5053798785214779,0.12186966120294275,0.12186966120294275,0.19607120973650646,0.12186966120294163,0.12186966120294189,0.12186966120294124,0.12186966120294093,0.23278789391081725,0.6338803805311429,0.4964449404568081,0.49906600172869015,0.6904971081712933,0.5164828024163595,0.3612724068836097
x_physics_kv_cache_prefill_max_request_bytes,-0.1339903758126394,0.35580964522651404,0.12149218721721121,0.5827725478796731,0.13511354239090775,0.2500950175282768,0.34900221983896906,0.28981740244274967,0.36546373685515693,0.6806417915207426,1.0,-0.07069329331040664,0.34036054746827094,0.3546324180641184,0.36371388927005593,0.38140550360508435,-0.06255290157364375,-0.06255290157364375,-0.1262919343418483,-0.06255290157364413,-0.06255290157364414,-0.06255290157364468,-0.0625529015736451,-0.12445346313122373,0.5682254333334879,-0.05899645843526342,-0.061381718900149596,0.6626315522633981,0.8021757595467459,0.6523590117937084
x_physics_weight_bytes_per_gpu_ideal,0.7139853845665272,0.47343251274123777,0.4667286376825716,0.056661827950116476,0.7909637457389787,0.5812869447635323,0.7081560187036952,0.7369515743297151,0.47406275926477415,0.5104408475703546,-0.07069329331040664,1.0,0.49432055175051415,0.49483774870671315,0.48895749323601695,0.43149658265044,0.34648106464616263,0.34648106464616263,0.6515586530274786,0.34648106464616185,0.3464810646461622,0.34648106464616174,0.3464810646461621,0.44847020798222365,0.33265366953739905,0.9578905396618085,0.9660134450474509,0.2525910957962698,-0.12111846805543099,-0.25431750387415886
x_physics_decode_one_token_flop_per_request_mean,0.6424064575946877,0.9990129254987066,0.1069191118827781,0.03419490993020353,0.7212943345576803,0.6014308787041938,0.8038399952876084,0.7826525747547812,0.996135117098069,0.554145815438372,0.34036054746827094,0.49432055175051415,1.0,0.9978738124391736,0.9948895020084598,0.9608297767431042,0.22077415940763112,0.22077415940763112,0.40092979458400213,0.22077415940763068,0.22077415940763095,0.2207741594076309,0.22077415940763104,0.5415419940472654,0.46739896034602285,0.4731229536441482,0.477135822550013,0.15286902444033681,0.07967326402405181,0.08605766214764288
x_physics_decode_one_token_flop_per_request_p90,0.6530347935337226,0.9955657873228401,0.12847060510259461,0.07906227483071426,0.7347186938531037,0.6445355515085783,0.8116982569187381,0.795438207363743,0.9993499211532008,0.5618634580770581,0.3546324180641184,0.49483774870671315,0.9978738124391736,1.0,0.9993327505776187,0.9756405291332556,0.2159452542200537,0.2159452542200537,0.39755569023178394,0.21594525422005315,0.2159452542200535,0.21594525422005328,0.2159452542200535,0.5539113926465624,0.4631221547248861,0.47659116495332954,0.4803243314486837,0.14657848695957096,0.0749332321763135,0.07834024285230143
x_physics_decode_one_token_flop_per_request_p95,0.6539856715170712,0.992112327778758,0.13352167893085937,0.10190574903628384,0.7354024754976182,0.6634261796552606,0.8102197407613558,0.7963680930215123,0.9995425876741456,0.5609813961988447,0.36371388927005593,0.48895749323601695,0.9948895020084598,0.9993327505776187,1.0,0.9826825235726974,0.21160802172991974,0.21160802172991974,0.39288600990398254,0.2116080217299194,0.21160802172991958,0.21160802172991933,0.21160802172991952,0.557619199267102,0.45901791139341575,0.47257895781985687,0.476110321229852,0.14108772164592573,0.07346194934560209,0.07575268453494541
x_physics_decode_one_token_flop_per_request_max,0.6501819988250244,0.9570325898379173,0.1102380506876433,0.17330485738159032,0.6970485883279476,0.7173352225995463,0.7550440760305395,0.7543621346522503,0.981119008915531,0.5053798785214779,0.38140550360508435,0.43149658265044,0.9608297767431042,0.9756405291332556,0.9826825235726974,1.0,0.1870034116017228,0.1870034116017228,0.36922092256652217,0.18700341160172243,0.18700341160172262,0.18700341160172226,0.1870034116017226,0.5778656369624469,0.39770900385410174,0.4249661063205489,0.4273676679714118,0.07736897589217814,0.04282201644299875,0.03581608477268049
x_hardware_peak_compute_bf16_dense_tflops,0.3000747443590005,0.21827447973699823,0.04753298453202114,-0.09105522425008061,0.26649521838159035,0.15550482294980522,0.22765640244066412,0.2374259019964956,0.20936707678518282,0.12186966120294275,-0.06255290157364375,0.34648106464616263,0.22077415940763112,0.2159452542200537,0.21160802172991974,0.1870034116017228,1.0,1.0,0.7286657748940413,1.0,1.0,1.0,1.0,0.253460029438832,-0.14894118232544074,0.09897979709991706,0.1251845058360597,-0.2165128910768866,-0.27832031280728137,-0.08029962547607544
x_hardware_peak_compute_fp8_dense_tflops,0.3000747443590005,0.21827447973699823,0.04753298453202114,-0.09105522425008061,0.26649521838159035,0.15550482294980522,0.22765640244066412,0.2374259019964956,0.20936707678518282,0.12186966120294275,-0.06255290157364375,0.34648106464616263,0.22077415940763112,0.2159452542200537,0.21160802172991974,0.1870034116017228,1.0,1.0,0.7286657748940413,1.0,1.0,1.0,1.0,0.253460029438832,-0.14894118232544074,0.09897979709991706,0.1251845058360597,-0.2165128910768866,-0.27832031280728137,-0.08029962547607544
x_hardware_precision_matched_peak_compute_tflops,0.6082924102182689,0.39451893166779733,0.10363056402742271,-0.14753587637672433,0.47903715452405166,0.32679284001778364,0.38544058093588973,0.415408853313084,0.38798948298759356,0.19607120973650646,-0.1262919343418483,0.6515586530274786,0.40092979458400213,0.39755569023178394,0.39288600990398254,0.36922092256652217,0.7286657748940413,0.7286657748940413,1.0,0.72866577489404,0.7286657748940407,0.7286657748940405,0.728665774894041,0.3811296516347667,-0.049483926474914786,0.48927371264997693,0.5082472489314094,-0.11066854661494589,-0.2981703312625387,-0.2808533232110641
x_hardware_hbm_bandwidth_gbps,0.30007474435899995,0.21827447973699782,0.04753298453202007,-0.09105522425008136,0.26649521838158935,0.15550482294980447,0.22765640244066312,0.2374259019964946,0.20936707678518235,0.12186966120294163,-0.06255290157364413,0.34648106464616185,0.22077415940763068,0.21594525422005315,0.2116080217299194,0.18700341160172243,1.0,1.0,0.72866577489404,1.0,0.9999999999999983,0.9999999999999996,0.9999999999999994,0.2534600294388317,-0.148941182325441,0.09897979709991656,0.12518450583605908,-0.2165128910768868,-0.27832031280728137,-0.08029962547607575
x_hardware_hbm_capacity_gb,0.30007474435900044,0.21827447973699798,0.047532984532020164,-0.0910552242500813,0.2664952183815897,0.1555048229498047,0.2276564024406635,0.23742590199649496,0.2093670767851826,0.12186966120294189,-0.06255290157364414,0.3464810646461622,0.22077415940763095,0.2159452542200535,0.21160802172991958,0.18700341160172262,1.0,1.0,0.7286657748940407,0.9999999999999983,1.0,0.9999999999999998,1.0,0.2534600294388319,-0.14894118232544112,0.09897979709991682,0.1251845058360593,-0.21651289107688707,-0.2783203128072815,-0.08029962547607579
x_hardware_rated_power_w,0.3000747443590001,0.21827447973699793,0.04753298453201917,-0.09105522425008296,0.2664952183815891,0.15550482294980336,0.22765640244066293,0.23742590199649424,0.20936707678518246,0.12186966120294124,-0.06255290157364468,0.34648106464616174,0.2207741594076309,0.21594525422005328,0.21160802172991933,0.18700341160172226,1.0,1.0,0.7286657748940405,0.9999999999999996,0.9999999999999998,1.0,1.0,0.2534600294388316,-0.14894118232544118,0.09897979709991654,0.12518450583605895,-0.21651289107688715,-0.27832031280728153,-0.08029962547607578
x_hardware_interconnect_bandwidth_gbps,0.30007474435900067,0.21827447973699815,0.0475329845320191,-0.09105522425008306,0.26649521838158935,0.15550482294980403,0.22765640244066288,0.2374259019964944,0.20936707678518274,0.12186966120294093,-0.0625529015736451,0.3464810646461621,0.22077415940763104,0.2159452542200535,0.21160802172991952,0.1870034116017226,1.0,1.0,0.728665774894041,0.9999999999999994,1.0,1.0,1.0,0.2534600294388323,-0.14894118232544207,0.09897979709991667,0.12518450583605917,-0.2165128910768879,-0.27832031280728237,-0.08029962547607682
x_hardware_aggregate_rated_power_w,0.861117318481168,0.5292790375744446,0.15919287200100782,-0.08206781001867884,0.6368688708783741,0.5785648321949011,0.4839025900330792,0.5465679802583678,0.5484114985380298,0.23278789391081725,-0.12445346313122373,0.44847020798222365,0.5415419940472654,0.5539113926465624,0.557619199267102,0.5778656369624469,0.253460029438832,0.253460029438832,0.3811296516347667,0.2534600294388317,0.2534600294388319,0.2534600294388316,0.2534600294388323,1.0,-0.17890756542217112,0.414448828931602,0.4201342234458996,-0.2819359281774187,-0.4030121130823351,-0.5043407899838481
x_hardware_physics_compute_time_proxy_seconds,-0.04525820482507364,0.4673989527795441,0.33578457882574186,0.41222292099034846,0.364308679926922,0.2826855603623803,0.5865020622599985,0.5123021839544084,0.4580501155344268,0.6338803805311429,0.5682254333334879,0.33265366953739905,0.46739896034602285,0.4631221547248861,0.45901791139341575,0.39770900385410174,-0.14894118232544074,-0.14894118232544074,-0.049483926474914786,-0.148941182325441,-0.14894118232544112,-0.14894118232544118,-0.14894118232544207,-0.17890756542217112,1.0,0.38955396393652714,0.38424304491647343,0.811535175592965,0.7072603697534056,0.6504729931191072
x_hardware_physics_memory_time_proxy_seconds,0.6867262872354025,0.4508863277753319,0.4771418613541637,0.08635728606750623,0.7621695506733616,0.5875371454362835,0.6821139691539274,0.7124405529779043,0.4574579896562698,0.4964449404568081,-0.05899645843526342,0.9578905396618085,0.4731229536441482,0.47659116495332954,0.47257895781985687,0.4249661063205489,0.09897979709991706,0.09897979709991706,0.48927371264997693,0.09897979709991656,0.09897979709991682,0.09897979709991654,0.09897979709991667,0.414448828931602,0.38955396393652714,1.0,0.9995558659910606,0.31200206293693367,-0.0644417443431539,-0.2746599807639589
x_hardware_physics_weight_capacity_ratio,0.692718755053511,0.4549340369748265,0.47758293901475973,0.08306575165344832,0.7681524282248867,0.5892861382431298,0.6872258246431401,0.7176131848918627,0.46095151171914195,0.49906600172869015,-0.061381718900149596,0.9660134450474509,0.477135822550013,0.4803243314486837,0.476110321229852,0.4273676679714118,0.1251845058360597,0.1251845058360597,0.5082472489314094,0.12518450583605908,0.1251845058360593,0.12518450583605895,0.12518450583605917,0.4201342234458996,0.38424304491647343,0.9995558659910606,1.0,0.30583061023839886,-0.07180298468416049,-0.27459387335202606
x_hardware_physics_kv_capacity_ratio_mean,-0.15681635630210075,0.15833117275460407,0.39456131980911713,0.4371223788988185,0.19716350362809917,0.10715238428249195,0.37012104339305374,0.30781826302467524,0.13800590905679827,0.6904971081712933,0.6626315522633981,0.2525910957962698,0.15286902444033681,0.14657848695957096,0.14108772164592573,0.07736897589217814,-0.2165128910768866,-0.2165128910768866,-0.11066854661494589,-0.2165128910768868,-0.21651289107688707,-0.21651289107688715,-0.2165128910768879,-0.2819359281774187,0.811535175592965,0.31200206293693367,0.30583061023839886,1.0,0.886990115372296,0.6008166965447266
x_hardware_physics_kv_capacity_ratio_max,-0.37126673053664516,0.09806866922000149,0.07109743383685961,0.41999355143677425,-0.07070599376499921,-0.07687985485052114,0.15160550802972925,0.07344530073420032,0.0785882599248206,0.5164828024163595,0.8021757595467459,-0.12111846805543099,0.07967326402405181,0.0749332321763135,0.07346194934560209,0.04282201644299875,-0.27832031280728137,-0.27832031280728137,-0.2981703312625387,-0.27832031280728137,-0.2783203128072815,-0.27832031280728153,-0.27832031280728237,-0.4030121130823351,0.7072603697534056,-0.0644417443431539,-0.07180298468416049,0.886990115372296,1.0,0.7273962551947646
x_hardware_physics_compute_to_memory_pressure_ratio,-0.5213351336838705,0.10532504425394851,0.060682109119372975,0.44104775957715375,-0.12654918023189266,-0.12974386104241967,0.14051393927200503,0.0459729887450854,0.08326727187887653,0.3612724068836097,0.6523590117937084,-0.25431750387415886,0.08605766214764288,0.07834024285230143,0.07575268453494541,0.03581608477268049,-0.08029962547607544,-0.08029962547607544,-0.2808533232110641,-0.08029962547607575,-0.08029962547607579,-0.08029962547607578,-0.08029962547607682,-0.5043407899838481,0.6504729931191072,-0.2746599807639589,-0.27459387335202606,0.6008166965447266,0.7273962551947646,1.0
