feature,feature_group,n,n_unique,min,p5,p25,median,p75,p95,max,mean,std,cv,p95_p5_ratio,log10_range
x_physics_prefill_projection_flop_per_request,B3,305,14,425101099008.0,702462033920.0,2036629831680.0,3144960908401.778,8986753548288.0,27871206604800.0,27871206604800.0,6187099362114.121,7224126626890.176,1.1676112187766294,39.676459735863986,1.8166635429233953
x_physics_prefill_attention_flop_per_request,B3,305,14,59021164544.0,79429763072.0,311099905365.3333,1487458220000.0,5576273856576.0,7417464186432.0,7417464186432.0,2557284034975.86,2385071116434.302,0.9326578838383967,93.38393946496298,2.0992476838063148
x_physics_prefill_mlp_flop_per_request,B3,305,14,850202198016.0,2429460283392.0,4979471155200.0,11542420684800.0,19030772219904.0,64318169088000.0,64318169088000.0,16715589085580.17,17299628935432.982,1.0349398305296125,26.474262422680688,1.8788114496722397
x_physics_prefill_total_flop_per_request,B3,305,14,1354733060096.0,3290346520576.0,9383391038976.0,14727401730503.111,33593799624768.0,99606839879232.0,99606839879232.0,25459972482670.152,26258535818152.984,1.031365443777537,30.272446763994655,1.866435432718795
x_physics_prefill_total_flop_per_input_token,B3,305,14,5774377239.338859,6828891954.02539,14145268060.75185,43118068806.077194,50109834791.85139,72490248417.84839,72490248417.84839,36729678145.16144,22715705002.31294,0.6184564131636797,10.615228488879218,1.0987744351692221
x_physics_kv_cache_prefill_mean_request_bytes,B3,305,14,23063210.666666668,34299904.0,60977607.11111111,129060684.0,176790784.0,348948400.0,348948400.0,135628347.85865209,100686937.07383026,0.7423738375016059,10.173451214324098,1.17984144533622
x_physics_kv_cache_prefill_max_request_bytes,B3,305,14,273973248.0,410664960.0,536530944.0,1271029760.0,1876606976.0,4940837683.200013,5174525952.0,1514261332.7737706,1216815192.639141,0.8035701409678222,12.031310592459636,1.2761624110289027
x_physics_weight_bytes_per_gpu_ideal,B3,305,14,16000000000.0,16000000000.0,29375000000.0,58750000000.0,60000000000.0,408000000000.0041,480000000000.0,74080327868.85246,100025151049.70074,1.3502255447192337,25.500000000000256,1.4771212547196626
x_physics_decode_one_token_flop_per_request_mean,B3,305,14,5621110101.333333,5963831040.0,14029324288.0,42517772515.55556,43860096192.0,71282515008.0,71282515008.0,34574651402.01385,21843736145.678505,0.6317847110500784,11.952470573009393,1.103160922236107
x_physics_decode_one_token_flop_per_request_p90,B3,305,14,5717517926.4,7244926156.800001,14101630156.8,42895369830.4,48877718732.8,74494584422.40001,74494584422.40001,36528253313.42688,22781703516.76764,0.6236734979165743,10.28231106986236,1.1149171667841227
x_physics_decode_one_token_flop_per_request_p95,B3,305,14,5785898188.8,7636687257.599999,14152915353.6,43163192524.8,51781415731.2,75620455219.2,75620455219.2,37589657367.6695,23283381614.088062,0.6194092536239468,9.902259012105391,1.1162685000524384
x_physics_decode_one_token_flop_per_request_max,B3,305,14,7628390400.0,9372696576.0,15534784512.0,50379620352.0,71820836864.0,82864766976.0,82864766976.0,45764009795.986885,27349406191.94271,0.5976182225697587,8.841080718241315,1.0359370024782741
x_hardware_peak_compute_bf16_dense_tflops,B5,305,2,989.5,989.5,989.5,2250.0,2250.0,2250.0,2250.0,1675.5426229508196,627.7756332673861,0.3746700469856161,2.2738756947953513,0.35676671956894745
x_hardware_peak_compute_fp8_dense_tflops,B5,305,2,1979.0,1979.0,1979.0,4500.0,4500.0,4500.0,4500.0,3351.085245901639,1255.5512665347721,0.3746700469856161,2.2738756947953513,0.35676671956894745
x_hardware_precision_matched_peak_compute_tflops,B5,305,4,989.5,989.5,989.5,2250.0,2250.0,4500.0,4500.0,2018.0901639344263,1059.2831039573325,0.5248938441343851,4.547751389590703,0.6577967152329283
x_hardware_hbm_bandwidth_gbps,B5,305,2,3350.0,3350.0,3350.0,8000.0,8000.0,8000.0,8000.0,5880.819672131148,2315.872030696823,0.3938008916803897,2.388059701492537,0.37804517995509856
x_hardware_hbm_capacity_gb,B5,305,2,80.0,80.0,80.0,180.0,180.0,180.0,180.0,134.4262295081967,49.80369958487792,0.37049093593628696,2.25,0.3521825181113625
x_hardware_rated_power_w,B5,305,2,700.0,700.0,700.0,1000.0,1000.0,1000.0,1000.0,863.2786885245902,149.41109875463374,0.17307400349473334,1.4285714285714286,0.15490195998574308
x_hardware_interconnect_bandwidth_gbps,B5,305,2,900.0,900.0,900.0,1800.0,1800.0,1800.0,1800.0,1389.8360655737704,448.2332962639012,0.32250803340526035,2.0,0.30102999566398125
x_hardware_aggregate_rated_power_w,B5,305,8,700.0,700.0,1000.0,1400.0,4000.0,8000.0,8000.0,2758.3606557377047,2522.3338011360966,0.9144321993896464,11.428571428571429,1.0579919469776868
x_hardware_physics_compute_time_proxy_seconds,B5,305,37,0.0005619987795310617,0.0005619987795310617,0.0021218923461829207,0.004243784692365841,0.01055024471362102,0.022134853306496,0.04638528842639717,0.007842339244302757,0.008569014545753676,1.092660528805717,39.385945508574906,1.91664488897885
x_hardware_physics_memory_time_proxy_seconds,B5,305,42,0.002004287488,0.003033398208,0.007345161420444444,0.00877034199456053,0.014691533146375,0.05186634503606016,0.06004361855,0.012140461336463019,0.012111588749448982,0.9976217883148047,17.098429378402322,1.4765068419236176
x_hardware_physics_weight_capacity_ratio,B5,305,20,0.08888888888888889,0.13333333333333333,0.3263888888888889,0.3671875,0.6527777777777778,2.2933333333333543,2.6666666666666665,0.5261464025500912,0.5377126200665427,1.0219828881474684,17.20000000000016,1.4771212547196624
x_hardware_physics_kv_capacity_ratio_mean,B5,305,39,3.13648987654321e-05,6.27297975308642e-05,0.0001905550222222222,0.0004118958,0.0011049424,0.0021569676,0.0043139352,0.0007473468581188018,0.0008025144663144356,1.0738179435643844,34.38505598457787,2.138429727110074
x_hardware_physics_kv_capacity_ratio_max,B5,305,39,0.0003725909333333333,0.0007451818666666666,0.002281472,0.005212797155555555,0.00887648711111111,0.032263700480000004,0.0646815744,0.008789180924735882,0.011281716097645868,1.2835912918682906,43.29641114902779,2.2395482999080967
x_hardware_physics_compute_to_memory_pressure_ratio,B5,305,32,0.07285436338018007,0.07641253052677319,0.2419195903140545,0.3686462248783972,2.245505459266104,2.4421682784108096,2.5428780487824554,0.9029561868673048,0.9378929706100124,1.038691560289228,31.96031150355805,1.5428699652317341
