component,explained_variance_ratio,cumulative_explained_variance_ratio,transform,n_rows,n_features
1,0.41934479182033385,0.41934479182033385,log1p_then_standardize,305,26
2,0.2711640203230939,0.6905088121434277,log1p_then_standardize,305,26
3,0.13034577562976354,0.8208545877731913,log1p_then_standardize,305,26
4,0.09015052165081683,0.9110051094240081,log1p_then_standardize,305,26
5,0.04649604159026775,0.9575011510142759,log1p_then_standardize,305,26
6,0.015382108455388005,0.9728832594696639,log1p_then_standardize,305,26
7,0.008638343677266949,0.9815216031469308,log1p_then_standardize,305,26
8,0.007606737162887433,0.9891283403098182,log1p_then_standardize,305,26
9,0.004576994337132524,0.9937053346469508,log1p_then_standardize,305,26
10,0.004171232245926985,0.9978765668928777,log1p_then_standardize,305,26
11,0.0009423212341015988,0.9988188881269794,log1p_then_standardize,305,26
12,0.0006638020695444991,0.9994826901965239,log1p_then_standardize,305,26
13,0.00033253493098846725,0.9998152251275124,log1p_then_standardize,305,26
14,8.690609465066934e-05,0.9999021312221631,log1p_then_standardize,305,26
15,6.238567355456352e-05,0.9999645168957176,log1p_then_standardize,305,26
16,2.3408752855036698e-05,0.9999879256485726,log1p_then_standardize,305,26
17,1.0046666586777902e-05,0.9999979723151594,log1p_then_standardize,305,26
18,1.9628430654683257e-06,0.9999999351582248,log1p_then_standardize,305,26
19,4.066710953246654e-08,0.9999999758253344,log1p_then_standardize,305,26
20,2.414268170985427e-08,0.9999999999680161,log1p_then_standardize,305,26
21,3.198397001007111e-11,1.0,log1p_then_standardize,305,26
22,3.3928867111025705e-33,1.0,log1p_then_standardize,305,26
23,3.3928867111025705e-33,1.0,log1p_then_standardize,305,26
24,3.3928867111025705e-33,1.0,log1p_then_standardize,305,26
25,3.3928867111025705e-33,1.0,log1p_then_standardize,305,26
26,3.3928867111025705e-33,1.0,log1p_then_standardize,305,26
